ID,Player_Name,Age,Primary_Position,Player_Type,Positions,Club,League,Contract_End_Year,Height_cm,Weight_kg,BMI,Value_EUR,Value_Formatted,Wage_EUR,Wage_Formatted,Value_per_Overall,apps,min,goals,a,NPG,Performance_Score,Overall rating,Potential,foot,Acceleration,Sprint speed,Stamina,Strength,Interceptions,Vision,Composure,Standing tackle,Sliding tackle,GK Diving,GK Handling,GK Positioning,Weak foot,Skill moves,"﻿""number"""
255253,Vitinha,25,CM,Outfield,CM CDM CAM,Paris Saint-Germain,Serie A,2029,172.0,64.0,21.63,149000000.0,149M,185000.0,185K,1655555.56,35,2262,5,1,5,0.24,90,92,Right,75,69,89,59,85,91,88,79,69,12,13,5,3,4,55
255253,Vitinha,25,CM,Outfield,CM CDM CAM,Paris Saint-Germain,Ligue 1,2029,172.0,64.0,21.63,149000000.0,149M,185000.0,185K,1655555.56,29,2122,1,7,1,0.34,90,92,Right,75,69,89,59,85,91,88,79,69,12,13,5,3,4,196
251854,Pedri,22,CM,Outfield,CM CDM CAM,FC Barcelona,La Liga,2030,174.0,60.0,19.82,165000000.0,165M,180000.0,180K,1833333.33,29,2117,2,9,2,0.47,90,93,Right,79,76,90,73,86,91,92,85,79,12,7,8,4,4,135
232580,Gabriel,27,CB,Outfield,CB,Arsenal,Premier League,2029,190.0,87.0,24.1,104000000.0,104M,250000.0,250K,1168539.33,32,2748,3,4,3,0.23,89,90,Left,61,67,71,89,89,63,79,88,90,12,8,10,2,2,97
231866,Rodri,29,CDM,Outfield,CDM CM,Manchester City,Premier League,2027,190.0,82.0,22.71,88000000.0,88M,250000.0,250K,988764.04,21,1500,1,0,1,0.06,89,89,Right,65,65,86,83,84,84,92,87,82,10,10,14,4,3,193
233419,Raphinha,28,LW,Outfield,LW CAM RW LM,FC Barcelona,La Liga,2028,176.0,68.0,21.95,104000000.0,104M,220000.0,220K,1168539.33,22,1424,13,3,10,1.01,89,89,Left,90,91,91,67,56,87,85,54,38,8,7,8,4,4,12
277643,Lamine Yamal,17,RW,Outfield,RW RM,FC Barcelona,La Liga,2031,181.0,72.0,21.98,147000000.0,147M,115000.0,115K,1651685.39,28,2291,16,11,13,1.06,89,95,Left,88,84,76,60,18,88,84,27,28,9,13,10,3,5,6
212831,Alisson,32,GK,Goalkeeper,GK,Liverpool,Premier League,2027,193.0,91.0,24.43,45000000.0,45M,130000.0,130K,511363.64,26,2340,0,0,0,0.0,88,88,Right,60,49,32,78,11,66,66,19,16,86,87,88,3,1,303
212198,Bruno Fernandes,30,CAM,Outfield,CAM CM,Manchester United,Premier League,2027,179.0,69.0,21.53,88000000.0,88M,185000.0,185K,1000000.0,35,3082,9,21,5,0.88,88,88,Right,68,66,95,61,64,93,88,71,66,12,14,8,4,4,22
252145,Nuno Mendes,23,LB,Outfield,LB LM,Paris Saint-Germain,Ligue 1,2029,180.0,70.0,21.6,115500000.0,115.5M,135000.0,135K,1312500.0,20,1251,4,5,3,0.65,88,91,Left,94,95,85,73,82,72,83,87,83,7,8,12,4,3,60
272834,João Neves,20,CM,Outfield,CM CDM,Paris Saint-Germain,Ligue 1,2029,174.0,66.0,21.8,135000000.0,135M,120000.0,120K,1534090.91,21,1280,5,1,5,0.42,88,93,Right,77,71,92,78,85,87,85,86,83,8,7,13,4,3,48
220901,David Raya,29,GK,Goalkeeper,GK,Arsenal,Premier League,2028,183.0,83.0,24.78,54500000.0,54.5M,145000.0,145K,626436.78,37,3330,0,0,0,0.0,87,87,Right,64,59,31,38,11,68,68,14,13,86,84,85,3,1,396
239818,Rúben Dias,28,CB,Outfield,CB,Manchester City,Premier League,2029,187.0,82.0,23.45,68500000.0,68.5M,210000.0,210K,787356.32,26,2142,2,0,2,0.08,87,87,Right,55,62,71,89,87,64,85,87,85,7,8,7,4,2,155
207865,Marquinhos,31,CB,Outfield,CB,Paris Saint-Germain,Ligue 1,2028,183.0,75.0,22.4,54500000.0,54.5M,145000.0,145K,626436.78,14,1040,0,0,0,0.0,87,87,Right,75,80,79,79,89,76,86,89,88,6,6,10,3,3,292
247851,Bruno Guimarães,27,CM,Outfield,CM CDM,Newcastle United,Premier League,2028,182.0,74.0,22.34,72000000.0,72M,190000.0,190K,837209.3,29,2467,9,5,7,0.51,86,86,Right,66,66,90,76,82,86,88,82,81,7,11,11,3,3,27
239580,Bremer,28,CB,Outfield,CB,Juventus,Serie A,2029,187.0,84.0,24.02,58500000.0,58.5M,185000.0,185K,680232.56,26,2187,4,3,4,0.29,86,86,Right,78,86,68,85,83,50,78,87,84,13,15,5,2,2,68
259532,Joan García,24,GK,Goalkeeper,GK,FC Barcelona,La Liga,2031,193.0,85.0,22.82,72500000.0,72.5M,71000.0,71K,843023.26,30,2700,0,0,0,0.0,86,89,Right,48,44,35,59,13,63,59,13,14,85,85,84,3,1,423
239231,Marc Cucurella,26,LB,Outfield,LB CM,Chelsea,Premier League,2028,174.0,71.0,23.45,53500000.0,53.5M,170000.0,170K,629411.76,34,2714,1,4,1,0.17,85,85,Left,78,77,89,70,83,77,79,85,84,13,7,10,3,3,211
226161,Marcos Llorente,30,RB,Outfield,RB RM CM,Atlético Madrid,La Liga,2027,183.0,74.0,22.1,46500000.0,46.5M,105000.0,105K,547058.82,29,2190,0,4,0,0.16,85,85,Right,89,92,93,78,82,81,79,84,74,13,6,11,4,3,327
256516,Nico Williams,22,LW,Outfield,LW LM,Athletic Club,La Liga,2035,181.0,67.0,20.45,75000000.0,75M,69000.0,69K,882352.94,25,1715,6,3,5,0.47,85,88,Right,94,92,81,61,40,80,78,33,25,9,13,12,5,4,53
228813,Aleix García,28,CM,Outfield,CM CDM CAM,Bayer 04 Leverkusen,Bundesliga,2029,173.0,68.0,22.72,42000000.0,42M,110000.0,110K,500000.0,33,2708,3,7,3,0.33,84,84,Right,67,64,76,65,77,86,84,77,74,16,8,10,3,3,95
241721,Rafael Leão,26,LW,Outfield,LW LM ST,AC Milan,Serie A,2028,188.0,81.0,22.92,49500000.0,49.5M,79000.0,79K,589285.71,29,1874,9,3,7,0.58,84,85,Right,93,93,75,79,24,81,83,24,21,10,12,11,4,5,17
210514,João Cancelo,31,RB,Outfield,RB LB RM,"FC Barcelona Jun 30, 2026 On loan",La Liga,,182.0,74.0,22.34,30500000.0,30.5M,68000.0,68K,363095.24,16,938,2,2,2,0.38,84,84,Right,88,78,77,65,79,85,85,81,77,6,9,14,4,4,117
241461,Ferran Torres,25,ST,Outfield,ST LW LM,FC Barcelona,La Liga,2027,183.0,80.0,23.89,53500000.0,53.5M,130000.0,130K,636904.76,33,2025,16,2,16,0.8,84,86,Right,86,82,74,76,36,79,82,36,28,12,9,15,4,4,4
244260,Dani Olmo,27,CAM,Outfield,CAM CM,FC Barcelona,La Liga,2030,179.0,72.0,22.47,45000000.0,45M,130000.0,130K,535714.29,33,2109,7,8,7,0.64,84,84,Right,78,71,71,56,58,85,82,53,38,15,15,12,4,4,40
240130,Éder Militão,27,CB,Outfield,CB,Real Madrid,La Liga,2028,186.0,78.0,22.55,45000000.0,45M,210000.0,210K,535714.29,16,1147,2,1,2,0.24,84,86,Right,80,83,84,79,84,65,76,85,84,11,8,12,3,2,126
243812,Rodrygo,24,LW,Outfield,LW RW ST LM,Real Madrid,La Liga,2028,174.0,64.0,21.14,57500000.0,57.5M,210000.0,210K,684523.81,19,633,1,3,1,0.57,84,87,Right,88,87,76,59,25,83,83,39,28,9,8,8,4,4,215
230869,Unai Simón,28,GK,Goalkeeper,GK,Athletic Club,La Liga,2029,190.0,88.0,24.38,33500000.0,33.5M,44000.0,44K,398809.52,37,3330,0,0,0,0.0,84,85,Right,48,50,44,76,26,48,40,18,12,83,80,82,3,1,346
197781,Isco,33,CAM,Outfield,CAM CM,Real Betis Balompié,La Liga,2028,176.0,79.0,25.5,26500000.0,26.5M,52000.0,52K,315476.19,8,213,1,1,0,0.84,84,84,Right,64,64,67,55,61,88,87,62,51,10,8,15,4,5,176
225193,Mikel Merino,29,CM,Outfield,CM ST CDM,Arsenal,Premier League,2028,189.0,83.0,23.24,35500000.0,35.5M,160000.0,160K,427710.84,22,1002,4,3,4,0.63,83,83,Left,52,54,82,78,83,80,81,82,76,9,12,13,3,3,73
218667,Bernardo Silva,30,CM,Outfield,CM CDM RW,Manchester City,Premier League,2030,173.0,65.0,21.72,34500000.0,34.5M,150000.0,150K,415662.65,38,2917,2,4,2,0.19,83,83,Left,63,50,87,47,73,84,85,75,68,9,10,12,2,4,135
240243,Matheus Cunha,26,CAM,Outfield,CAM LM ST,Manchester United,Premier League,2030,183.0,76.0,22.69,43000000.0,43M,115000.0,115K,518072.29,33,2506,10,2,10,0.43,83,84,Right,79,77,82,73,42,81,83,41,39,8,7,13,4,4,18
245037,Eric García,24,CB,Outfield,CB RB CDM RM,FC Barcelona,La Liga,2031,183.0,76.0,22.69,44500000.0,44.5M,95000.0,95K,536144.58,34,2761,1,1,1,0.07,83,86,Right,77,81,80,79,85,75,81,86,80,11,9,11,3,2,216
264240,Gavi,20,CM,Outfield,CM CDM CAM,FC Barcelona,La Liga,2030,173.0,70.0,23.39,51000000.0,51M,85000.0,85K,614457.83,11,578,0,1,0,0.16,83,87,Right,77,75,84,58,79,83,77,78,72,8,10,7,3,3,425
278046,Pau Cubarsí,18,CB,Outfield,CB,FC Barcelona,La Liga,2029,183.0,79.0,23.59,48000000.0,48M,70000.0,70K,578313.25,31,2733,1,0,1,0.03,83,89,Right,72,77,70,79,83,75,80,84,83,10,6,7,4,2,253
238616,Pedro Neto,25,RM,Outfield,RM LM RW,Chelsea,Premier League,2031,174.0,69.0,22.79,36500000.0,36.5M,130000.0,130K,445121.95,34,2667,5,6,5,0.37,82,83,Left,92,90,81,65,40,80,79,40,25,6,13,12,4,4,57
252042,João Pedro,23,ST,Outfield,ST CAM,Chelsea,Premier League,2033,186.0,82.0,23.7,44000000.0,44M,130000.0,130K,536585.37,35,2698,15,5,15,0.67,82,86,Right,80,79,75,75,38,77,82,27,23,7,6,8,4,4,6
253124,Matheus Nunes,26,RB,Outfield,RB CM RM,Manchester City,Premier League,2028,184.0,78.0,23.04,33000000.0,33M,130000.0,130K,402439.02,34,2865,1,5,1,0.19,82,83,Right,82,91,82,74,80,79,80,80,80,13,10,12,3,3,247
200145,Casemiro,33,CDM,Outfield,CDM CM,Manchester United,Premier League,2029,185.0,84.0,24.54,15000000.0,15M,100000.0,100K,182926.83,34,2649,9,2,9,0.37,82,82,Right,35,36,68,81,77,80,77,84,84,13,14,12,3,2,24
278016,Murillo,22,CB,Outfield,CB,Nottingham Forest,Premier League,2030,180.0,75.0,23.15,40000000.0,40M,90000.0,90K,487804.88,25,2132,1,0,1,0.04,82,86,Left,83,78,70,90,83,62,78,82,84,14,9,12,3,2,261
243576,Pedro Porro,25,RB,Outfield,RB RM,Tottenham Hotspur,Premier League,2028,173.0,69.0,23.05,37000000.0,37M,105000.0,105K,451219.51,34,2815,1,2,1,0.1,82,85,Right,78,78,91,68,78,80,79,79,77,15,7,5,3,3,210
266866,Éderson,25,CM,Outfield,CM CDM,Atalanta,Serie A,2027,183.0,83.0,24.78,40000000.0,40M,77000.0,77K,487804.88,30,2253,2,1,1,0.12,82,85,Right,78,78,90,77,81,80,84,84,75,14,10,13,3,3,157
277846,Nico Paz,20,CAM,Outfield,CAM RM ST CM,Como,Serie A,2028,186.0,81.0,23.41,60500000.0,60.5M,82000.0,82K,737804.88,35,2905,12,6,12,0.56,82,89,Left,78,80,77,68,61,80,78,69,48,14,10,12,3,4,6
257279,Álex Baena,23,LM,Outfield,LM CM LW,Atlético Madrid,La Liga,2030,175.0,70.0,22.86,46000000.0,46M,69000.0,69K,560975.61,27,1615,2,3,2,0.28,82,87,Right,79,79,78,60,69,83,75,66,64,6,11,12,4,3,132
192629,Iago Aspas,37,RW,Outfield,RW ST CAM RM,RC Celta,La Liga,2027,176.0,67.0,21.63,10000000.0,10M,35000.0,35K,121951.22,32,1082,5,3,3,0.66,82,82,Left,76,74,51,63,39,82,84,25,18,12,16,12,4,3,62
251566,Gabriel Martinelli,24,LW,Outfield,LW LM CM,Arsenal,Premier League,2027,178.0,75.0,23.67,35000000.0,35M,125000.0,125K,432098.77,30,1025,1,4,1,0.44,81,84,Right,92,89,82,63,39,77,79,44,43,10,6,6,3,4,214
228789,Robert Sánchez,27,GK,Goalkeeper,GK,Chelsea,Premier League,2030,197.0,90.0,23.19,22000000.0,22M,76000.0,76K,271604.94,35,3054,0,1,0,0.03,81,82,Right,55,65,40,77,15,55,55,17,15,82,79,80,3,1,386
255069,Nico González,23,CDM,Outfield,CDM CM,Manchester City,Premier League,2029,188.0,88.0,24.9,33500000.0,33.5M,100000.0,100K,413580.25,25,1576,1,0,1,0.06,81,85,Right,66,67,76,79,80,80,79,79,81,14,14,12,2,3,239
223334,Joelinton,28,CM,Outfield,CM CDM,Newcastle United,Premier League,2028,186.0,81.0,23.41,25500000.0,25.5M,130000.0,130K,314814.81,27,1958,2,1,2,0.14,81,81,Right,69,78,89,90,84,79,82,84,77,9,13,13,3,3,128
258648,Carlos Augusto,26,LB,Outfield,LB CB LM,Inter,Serie A,2028,184.0,78.0,23.04,27500000.0,27.5M,38000.0,38K,339506.17,34,1745,1,1,1,0.1,81,82,Left,79,78,80,74,78,76,78,81,79,11,12,12,2,3,249
268804,Mario Gila,24,CB,Outfield,CB,Lazio,Serie A,2027,185.0,80.0,23.37,31500000.0,31.5M,35000.0,35K,388888.89,31,2498,0,0,0,0.0,81,84,Right,83,87,82,75,81,62,76,79,82,14,10,6,4,2,446
236632,David Neres,28,LW,Outfield,LW LM,Napoli,Serie A,2028,175.0,69.0,22.53,26000000.0,26M,115000.0,115K,320987.65,16,932,3,3,3,0.58,81,81,Left,87,85,69,59,48,79,85,45,38,14,10,13,3,5,116
261865,Miguel Gutiérrez,23,LB,Outfield,LB LM,Napoli,Serie A,2030,180.0,73.0,22.53,34500000.0,34.5M,84000.0,84K,425925.93,28,1478,1,1,1,0.12,81,85,Left,82,80,85,66,79,80,75,78,76,14,10,6,3,2,226
193747,Koke,33,CM,Outfield,CM CDM,Atlético Madrid,La Liga,2028,176.0,77.0,24.86,16000000.0,16M,76000.0,76K,197530.86,34,2237,2,2,2,0.16,81,81,Right,53,45,82,75,79,82,84,79,70,14,12,10,4,3,116
216201,Iñaki Williams,31,RW,Outfield,RW ST RM,Athletic Club,La Liga,2028,186.0,81.0,23.41,21500000.0,21.5M,58000.0,58K,265432.1,30,2188,3,6,2,0.37,81,81,Right,91,92,84,83,38,78,78,55,34,14,15,10,3,4,91
255475,Antony,25,RW,Outfield,RW RM,Real Betis Balompié,La Liga,2030,172.0,63.0,21.3,31000000.0,31M,38000.0,38K,382716.05,32,2495,8,6,8,0.5,81,82,Left,85,85,76,65,53,81,80,52,31,9,10,8,2,5,36
216447,Álvaro García,32,LW,Outfield,LW LM ST,Rayo Vallecano,La Liga,2028,167.0,61.0,21.87,20500000.0,20.5M,37000.0,37K,253086.42,32,2123,4,5,4,0.38,81,81,Left,90,87,75,34,64,77,77,45,32,11,8,10,4,3,77
208093,Gerard Moreno,33,ST,Outfield,ST CAM,Villarreal CF,La Liga,2027,180.0,77.0,23.77,16500000.0,16.5M,55000.0,55K,203703.7,22,1368,10,0,7,0.66,81,81,Left,77,77,74,73,50,79,78,45,35,15,12,12,4,3,17
242201,Luis Milla,30,CM,Outfield,CM CDM,Getafe CF,La Liga,2027,175.0,67.0,21.88,24500000.0,24.5M,46000.0,46K,302469.14,37,3288,1,10,1,0.3,81,81,Right,71,67,90,68,82,85,81,80,70,12,13,10,3,3,222
230666,Gabriel Jesus,28,ST,Outfield,ST CAM,Arsenal,Premier League,2027,175.0,73.0,23.84,21500000.0,21.5M,140000.0,140K,268750.0,14,395,3,0,3,0.68,80,80,Right,85,78,62,65,32,78,79,30,28,13,8,6,3,4,96
241464,Pau Torres,28,CB,Outfield,CB,Aston Villa,Premier League,2028,191.0,80.0,21.93,18000000.0,18M,110000.0,110K,225000.0,21,1679,0,0,0,0.0,80,80,Left,66,67,71,73,81,77,82,82,81,11,13,13,2,2,337
273018,Andrey Santos,21,CM,Outfield,CM CDM,Chelsea,Premier League,2030,180.0,77.0,23.77,42500000.0,42.5M,86000.0,86K,531250.0,27,1217,1,0,1,0.07,80,87,Right,77,71,91,75,80,79,80,82,81,5,10,12,3,3,258
236045,Reinildo,31,LB,Outfield,LB,Sunderland,Premier League,2027,180.0,73.0,22.53,15500000.0,15.5M,68000.0,68K,193750.0,25,1974,0,1,0,0.05,80,80,Left,81,81,82,75,80,64,73,79,79,6,8,15,3,3,358
256903,Gonçalo Ramos,24,ST,Outfield,ST,Paris Saint-Germain,Ligue 1,2028,185.0,82.0,23.96,30500000.0,30.5M,79000.0,79K,381250.0,30,1293,6,1,5,0.49,80,84,Right,73,73,79,79,44,63,75,47,34,15,9,7,4,2,36
271400,Igor Paixão,25,LM,Outfield,LM LW,Olympique de Marseille,Ligue 1,2030,168.0,63.0,22.32,28000000.0,28M,45000.0,45K,350000.0,30,1979,6,5,6,0.5,80,83,Right,85,87,76,68,22,75,74,37,29,8,13,12,2,4,38
259516,Johnny Cardoso,23,CDM,Outfield,CDM CM,Atlético Madrid,La Liga,2030,185.0,78.0,22.79,27500000.0,27.5M,56000.0,56K,343750.0,15,905,0,0,0,0.0,80,84,Right,75,74,77,79,83,74,76,80,77,10,14,12,2,3,477
222509,Dani Ceballos,28,CM,Outfield,CM CDM CAM,Real Madrid,La Liga,2027,179.0,70.0,21.85,21000000.0,21M,165000.0,165K,262500.0,16,451,0,0,0,0.0,80,80,Right,65,57,75,61,76,80,80,75,70,12,15,7,3,4,323
212602,Diego Llorente,31,CB,Outfield,CB,Real Betis Balompié,La Liga,2028,186.0,75.0,21.68,14500000.0,14.5M,35000.0,35K,181250.0,18,1221,1,0,1,0.07,80,80,Right,62,62,65,78,82,60,70,83,78,8,12,9,3,2,174
224179,Borja Iglesias,32,ST,Outfield,ST,RC Celta,La Liga,2028,187.0,86.0,24.59,17000000.0,17M,40000.0,40K,212500.0,35,1903,14,2,10,0.76,80,80,Right,59,65,64,84,32,80,83,36,27,14,12,13,3,3,9
223952,David Soria,32,GK,Goalkeeper,GK,Getafe CF,La Liga,2030,192.0,85.0,23.06,10500000.0,10.5M,27000.0,27K,131250.0,38,3420,0,0,0,0.0,80,80,Right,46,34,43,76,21,49,61,13,13,80,79,80,3,1,321
206585,Kepa,30,GK,Goalkeeper,GK,Arsenal,Premier League,2028,189.0,89.0,24.92,11500000.0,11.5M,76000.0,76K,145569.62,1,90,0,0,0,0.0,79,79,Right,38,42,35,55,20,60,62,17,18,77,78,77,4,1,316
236499,Douglas Luiz,27,CDM,Outfield,CDM CM,"Aston Villa Jun 30, 2026 On loan",Premier League,,175.0,66.0,21.55,16500000.0,16.5M,100000.0,100K,208860.76,21,936,1,0,1,0.1,79,79,Right,69,66,75,65,76,82,84,78,72,12,6,10,2,3,202
76687,Estêvão,18,RM,Outfield,RM RW,Chelsea,Premier League,2033,178.0,71.0,22.41,37000000.0,37M,71000.0,71K,468354.43,22,854,2,2,2,0.42,79,89,Left,91,89,67,49,34,75,80,34,27,9,15,6,3,4,177
231943,Richarlison,28,ST,Outfield,ST LW LM,Tottenham Hotspur,Premier League,2027,184.0,83.0,24.52,18000000.0,18M,110000.0,110K,227848.1,32,1926,11,4,11,0.7,79,79,Right,77,75,68,74,46,74,79,58,48,12,7,11,4,4,12
270857,Mateus Fernandes,20,CM,Outfield,CM CAM CDM,West Ham United,Premier League,2030,178.0,72.0,22.72,27000000.0,27M,52000.0,52K,341772.15,36,3044,3,4,3,0.21,79,85,Right,73,67,83,62,75,80,78,77,74,6,5,8,4,4,126
256612,Evanilson,25,ST,Outfield,ST,AFC Bournemouth,Premier League,2029,183.0,80.0,23.89,21500000.0,21.5M,79000.0,79K,272151.9,36,2810,6,1,6,0.22,79,80,Right,75,76,74,78,37,70,78,41,26,13,11,14,4,3,55
252037,Fábio Silva,22,ST,Outfield,ST CAM LW,Borussia Dortmund,Bundesliga,2030,185.0,75.0,21.91,28500000.0,28.5M,47000.0,47K,360759.49,28,784,2,6,2,0.92,79,85,Right,79,83,83,74,22,74,76,28,26,6,12,13,3,4,148
261050,Francisco Conceição,22,CAM,Outfield,CAM RM RW CM,Juventus,Serie A,2030,168.0,61.0,21.61,35500000.0,35.5M,95000.0,95K,449367.09,31,2124,3,5,3,0.34,79,86,Left,89,87,69,40,31,74,72,42,38,9,6,15,2,4,117
80170,Wesley,21,RM,Outfield,RM LM RB RW,Roma,La Liga,2030,178.0,75.0,23.67,28000000.0,28M,42000.0,42K,354430.38,5,74,0,0,0,0.0,79,85,Right,91,88,78,74,75,67,76,75,74,6,6,13,3,3,589
80170,Wesley,21,RM,Outfield,RM LM RB RW,Roma,Serie A,2030,178.0,75.0,23.67,28000000.0,28M,42000.0,42K,354430.38,30,2474,5,0,5,0.18,79,85,Right,91,88,78,74,75,67,76,75,74,6,6,13,3,3,60
220651,Angeliño,28,LB,Outfield,LB LM,Roma,Serie A,2028,171.0,69.0,23.6,16000000.0,16M,56000.0,56K,202531.65,7,427,0,0,0,0.0,79,79,Left,77,64,87,56,75,78,80,75,74,13,6,13,3,4,304
229668,Mario Hermoso,30,CB,Outfield,CB,Roma,Serie A,2028,184.0,76.0,22.45,14500000.0,14.5M,56000.0,56K,183544.3,27,2106,3,2,3,0.21,79,79,Left,71,73,72,80,78,66,77,80,79,13,8,5,3,2,91
219693,Diego Carlos,32,CB,Outfield,CB,"Como Jun 30, 2026 On loan",Serie A,,185.0,79.0,23.08,11500000.0,11.5M,55000.0,55K,145569.62,27,1946,1,0,1,0.05,79,79,Right,54,70,50,87,79,63,75,80,78,7,10,7,4,3,210
192638,Marcos Alonso,34,CB,Outfield,CB LB,RC Celta,La Liga,2028,188.0,84.0,23.77,5500000.0,5.5M,33000.0,33K,69620.25,32,2780,1,0,0,0.03,79,79,Left,58,56,74,76,81,76,79,80,79,9,7,9,3,3,171
270728,Carlos Romero,23,LB,Outfield,LB CM,"RCD Espanyol Jun 30, 2026 On loan",La Liga,,180.0,73.0,22.53,23500000.0,23.5M,35000.0,35K,297468.35,36,3207,6,3,6,0.25,79,83,Left,82,80,83,68,76,76,78,82,76,9,10,11,2,3,56
202648,Sergi Darder,31,CM,Outfield,CM CAM LM CDM,RCD Mallorca,La Liga,2028,180.0,71.0,21.91,14500000.0,14.5M,38000.0,38K,183544.3,38,2715,1,5,1,0.2,79,79,Right,74,73,80,75,75,82,80,75,74,8,9,8,2,3,184
228805,Raíllo,33,CB,Outfield,CB,RCD Mallorca,La Liga,2027,187.0,80.0,22.88,8500000.0,8.5M,37000.0,37K,107594.94,24,2069,0,1,0,0.04,79,79,Right,41,41,87,80,79,59,66,80,77,10,15,15,3,2,329
224003,Sergio Herrera,32,GK,Goalkeeper,GK,CA Osasuna,La Liga,2028,192.0,82.0,22.24,8500000.0,8.5M,25000.0,25K,107594.94,37,3284,0,0,0,0.0,79,79,Right,45,50,42,67,12,40,53,17,18,79,79,77,3,1,386
262402,Sergi Cardona,25,LB,Outfield,LB LM,Villarreal CF,La Liga,2027,185.0,77.0,22.5,21500000.0,21.5M,39000.0,39K,272151.9,32,2028,1,4,1,0.22,79,82,Left,85,82,83,71,76,75,73,79,72,6,11,15,3,3,249
230670,Lucas Perri,27,GK,Goalkeeper,GK,Leeds United,Premier League,2029,197.0,98.0,25.25,13000000.0,13M,36000.0,36K,166666.67,16,1440,0,0,0,0.0,78,80,Right,32,36,38,81,25,63,44,18,14,78,77,77,2,1,463
234574,Diogo Dalot,26,RB,Outfield,RB LB CM,Manchester United,Premier League,2028,183.0,76.0,22.69,15000000.0,15M,72000.0,72K,192307.69,34,2614,1,3,1,0.14,78,79,Right,81,83,80,74,76,72,73,75,76,10,6,6,4,4,212
74866,André,23,CDM,Outfield,CDM CM,Wolverhampton Wanderers,Premier League,2030,177.0,77.0,24.58,19500000.0,19.5M,53000.0,53K,250000.0,35,2763,1,0,1,0.03,78,83,Right,60,55,75,67,79,74,78,78,79,5,5,14,3,2,267
273463,João Gomes,24,CDM,Outfield,CDM CM,Wolverhampton Wanderers,Premier League,2030,176.0,74.0,23.89,19500000.0,19.5M,53000.0,53K,250000.0,35,2845,1,1,1,0.06,78,83,Right,56,52,78,68,79,73,72,81,77,7,14,14,3,3,252
83494,Rayan,18,RM,Outfield,RM ST RW,AFC Bournemouth,Premier League,2031,185.0,80.0,23.37,29500000.0,29.5M,45000.0,45K,378205.13,15,1146,5,2,5,0.55,78,88,Left,84,82,73,79,28,76,79,35,22,6,14,14,2,3,71
272505,Endrick,18,ST,Outfield,ST RW RM,"Olympique Lyonnais Jun 30, 2026 On loan",La Liga,,173.0,67.0,22.39,30000000.0,30M,100000.0,100K,384615.38,1,5,0,0,0,0.0,78,89,Left,88,86,68,74,20,72,79,30,31,8,8,15,3,4,491
272505,Endrick,18,ST,Outfield,ST RW RM,"Olympique Lyonnais Jun 30, 2026 On loan",Ligue 1,,173.0,67.0,22.39,30000000.0,30M,100000.0,100K,384615.38,16,1248,5,7,4,0.86,78,89,Left,88,86,68,74,20,72,79,30,31,8,8,15,3,4,49
270039,Diego Moreira,20,RM,Outfield,RM LM LB RB,RC Strasbourg Alsace,Ligue 1,2029,179.0,73.0,22.78,22000000.0,22M,38000.0,38K,282051.28,27,2063,4,7,4,0.48,78,84,Left,88,92,85,62,70,70,77,66,62,9,11,8,3,4,65
73398,Rômulo,23,ST,Outfield,ST,RB Leipzig,Bundesliga,2030,193.0,79.0,21.21,21500000.0,21.5M,48000.0,48K,275641.03,30,2246,9,4,9,0.52,78,83,Right,68,67,72,84,30,74,80,33,28,11,11,14,3,3,19
256632,Luis Henrique,23,RM,Outfield,RM LM RB RW,Inter,Serie A,2030,181.0,85.0,25.95,21000000.0,21M,28000.0,28K,269230.77,30,1617,1,2,1,0.17,78,83,Right,85,94,75,81,55,73,73,52,46,9,5,10,3,3,231
234112,Dodô,26,RB,Outfield,RB RM,Fiorentina,Serie A,2027,166.0,68.0,24.68,15000000.0,15M,46000.0,46K,192307.69,36,3158,1,2,1,0.09,78,79,Right,84,87,84,59,74,72,76,75,71,14,14,14,3,3,251
74462,Gerard Martín,23,CB,Outfield,CB LB,FC Barcelona,La Liga,2028,186.0,76.0,21.97,18000000.0,18M,64000.0,64K,230769.23,32,2145,0,0,0,0.0,78,82,Left,76,79,73,82,80,69,73,79,80,10,11,13,3,3,486
272600,Marc Casadó,21,CDM,Outfield,CDM CM,FC Barcelona,La Liga,2028,171.0,65.0,22.23,18500000.0,18.5M,54000.0,54K,237179.49,24,957,0,1,0,0.09,78,82,Right,66,58,71,55,76,77,78,78,78,12,14,8,4,3,450
259524,Aitor Paredes,25,CB,Outfield,CB,Athletic Club,La Liga,2029,186.0,76.0,21.97,16500000.0,16.5M,38000.0,38K,211538.46,19,1625,2,0,2,0.11,78,81,Right,60,73,73,79,78,45,64,83,79,14,7,12,3,2,136
235945,Marc Roca,28,CDM,Outfield,CDM CM,Real Betis Balompié,La Liga,2029,184.0,80.0,23.63,12500000.0,12.5M,30000.0,30K,160256.41,29,2020,1,2,1,0.13,78,78,Left,50,60,68,75,77,78,78,78,74,12,11,10,3,3,189
277537,Natan,24,CB,Outfield,CB,Real Betis Balompié,La Liga,2030,188.0,85.0,24.05,19000000.0,19M,25000.0,25K,243589.74,33,2820,0,0,0,0.0,78,83,Left,66,66,73,83,78,62,68,80,80,14,13,8,2,2,466
255566,Samú Costa,24,CDM,Outfield,CDM CM,RCD Mallorca,La Liga,2028,183.0,75.0,22.4,18500000.0,18.5M,28000.0,28K,237179.49,34,2731,7,2,7,0.3,78,82,Left,65,57,82,76,76,71,66,79,75,6,7,14,2,2,43
234153,Carlos Soler,28,CM,Outfield,CM CAM CDM,Real Sociedad,La Liga,2029,180.0,76.0,23.46,14000000.0,14M,41000.0,41K,179487.18,33,2346,4,3,4,0.27,78,78,Right,74,70,73,70,74,81,77,74,72,6,14,13,4,3,74
235944,Brais Méndez,28,CM,Outfield,CM CAM ST CDM,Real Sociedad,La Liga,2028,187.0,76.0,21.73,14000000.0,14M,41000.0,41K,179487.18,29,1708,6,2,5,0.42,78,78,Left,72,69,73,73,66,80,80,68,61,10,5,12,3,4,49
241811,Sergio Gómez,24,LB,Outfield,LB LM,Real Sociedad,La Liga,2030,173.0,71.0,23.72,18000000.0,18M,32000.0,32K,230769.23,35,2712,0,6,0,0.2,78,81,Left,82,78,82,58,75,80,76,77,72,11,7,11,3,4,364
235522,Aleix Febas,29,CM,Outfield,CM CDM,Elche CF,La Liga,2028,171.0,64.0,21.89,13500000.0,13.5M,28000.0,28K,173076.92,36,3178,2,2,2,0.11,78,78,Right,73,75,83,66,74,79,85,74,67,6,10,9,3,3,127
76042,Víctor Muñoz,21,LW,Outfield,LW LM RW,CA Osasuna,La Liga,2030,173.0,70.0,23.39,31500000.0,31.5M,28000.0,28K,403846.15,34,2705,6,2,6,0.27,78,86,Right,91,95,75,52,50,72,73,52,40,7,7,12,3,3,59
211022,Rubén García,31,RM,Outfield,RM RW RB,CA Osasuna,La Liga,2029,171.0,72.0,24.62,11500000.0,11.5M,37000.0,37K,147435.9,35,2297,2,5,2,0.27,78,78,Left,79,73,66,44,38,80,72,54,41,9,14,14,2,4,115
231591,Javi Galán,30,LB,Outfield,LB LM,CA Osasuna,La Liga,2028,170.0,70.0,24.22,12000000.0,12M,35000.0,35K,153846.15,25,1806,0,1,0,0.05,78,78,Left,79,77,76,67,73,69,74,77,74,14,14,6,2,4,373
258371,Pep Chavarría,27,LB,Outfield,LB LM,Rayo Vallecano,La Liga,2030,174.0,72.0,23.78,13500000.0,13.5M,26000.0,26K,173076.92,33,2672,1,2,1,0.1,78,78,Left,84,87,86,74,75,75,73,78,75,9,10,10,1,3,246
258885,Luiz Júnior,24,GK,Goalkeeper,GK,Villarreal CF,La Liga,2030,194.0,88.0,23.38,16000000.0,16M,19000.0,19K,205128.21,28,2520,0,0,0,0.0,78,82,Left,29,31,22,75,14,52,40,10,12,78,77,78,3,1,494
273906,Renato Veiga,21,CB,Outfield,CB,Villarreal CF,La Liga,2032,190.0,88.0,24.38,19500000.0,19.5M,27000.0,27K,250000.0,33,2553,0,0,0,0.0,78,83,Left,76,83,80,82,77,70,72,77,77,6,15,13,3,2,456
260815,Arnau Martínez,22,RB,Outfield,RB LB CM,Girona FC,La Liga,2027,182.0,72.0,21.74,20000000.0,20M,28000.0,28K,256410.26,35,2715,2,3,2,0.17,78,83,Right,82,75,80,68,75,74,68,77,75,10,7,10,3,2,148
264846,Cristhian Mosquera,21,CB,Outfield,CB,Arsenal,Premier League,2030,191.0,79.0,21.66,22000000.0,22M,69000.0,69K,285714.29,20,976,0,0,0,0.0,77,85,Right,73,74,79,74,77,58,69,80,76,8,6,8,3,2,406
79402,Igor Jesus,24,ST,Outfield,ST,Nottingham Forest,Premier League,2029,180.0,73.0,22.53,15500000.0,15.5M,72000.0,72K,201298.7,37,2379,6,4,5,0.38,77,81,Right,68,71,72,79,29,72,75,35,24,11,6,14,3,3,56
232440,Caio Henrique,27,LB,Outfield,LB LM,AS Monaco,Ligue 1,2027,178.0,70.0,22.09,10000000.0,10M,30000.0,30K,129870.13,22,1527,0,2,0,0.12,77,77,Left,76,79,81,57,73,77,80,75,71,11,15,6,2,3,303
263781,Vanderson,24,RB,Outfield,RB RM,AS Monaco,Ligue 1,2028,173.0,74.0,24.73,15500000.0,15.5M,26000.0,26K,201298.7,14,609,0,2,0,0.3,77,83,Right,79,78,77,67,72,74,74,74,74,8,8,6,3,3,366
210736,Emerson,30,LB,Outfield,LB LM,Olympique de Marseille,Ligue 1,2027,176.0,76.0,24.54,9000000.0,9M,38000.0,38K,116883.12,28,2110,0,3,0,0.13,77,77,Left,73,69,79,68,76,67,77,75,75,8,15,7,2,3,272
259075,Yan Couto,23,RB,Outfield,RB RM,Borussia Dortmund,Bundesliga,2030,168.0,60.0,21.26,14000000.0,14M,34000.0,34K,181818.18,19,989,2,2,2,0.36,77,81,Right,84,69,74,51,74,75,65,72,77,9,6,8,3,4,165
256958,Fábio Vieira,25,CM,Outfield,CM CAM RW CDM,"Hamburger SV Jun 30, 2026 On loan",Bundesliga,,173.0,61.0,20.38,14500000.0,14.5M,95000.0,95K,188311.69,29,2241,7,5,6,0.48,77,81,Left,73,70,66,48,59,82,76,60,48,9,5,13,3,3,35
208618,Lucas Vázquez,34,RB,Outfield,RB RM,Bayer 04 Leverkusen,Bundesliga,2027,173.0,69.0,23.05,3900000.0,3.9M,62000.0,62K,50649.35,12,483,1,2,1,0.56,77,77,Right,74,77,83,56,74,79,75,69,67,9,16,9,4,4,190
271916,Bryan Zaragoza,23,LW,Outfield,LW LM CAM,"Roma Jun 30, 2026 On loan",La Liga,,164.0,61.0,22.68,16500000.0,16.5M,49000.0,49K,214285.71,19,1138,1,1,0,0.16,77,83,Right,85,79,61,33,23,62,58,32,38,10,11,12,4,4,234
271916,Bryan Zaragoza,23,LW,Outfield,LW LM CAM,"Roma Jun 30, 2026 On loan",Serie A,,164.0,61.0,22.68,16500000.0,16.5M,49000.0,49K,214285.71,4,140,0,1,0,0.64,77,83,Right,85,79,61,33,23,62,58,32,38,10,11,12,4,4,435
257290,João Mário,25,RB,Outfield,RB RM,"Bologna Jun 30, 2026 On loan",Serie A,,178.0,73.0,23.04,13000000.0,13M,82000.0,82K,168831.17,20,1003,1,0,1,0.09,77,80,Right,85,83,83,60,71,73,70,69,69,9,5,10,4,3,288
75055,Jesús Rodríguez,19,LM,Outfield,LM RM LW,Como,Serie A,2029,185.0,68.0,19.87,23000000.0,23M,52000.0,52K,298701.3,31,1728,2,9,2,0.57,77,85,Right,83,78,65,60,33,76,70,39,38,8,11,8,3,3,176
246606,Fran García,25,LB,Outfield,LB LM,Real Madrid,La Liga,2027,169.0,63.0,22.06,13000000.0,13M,115000.0,115K,168831.17,13,930,1,1,1,0.19,77,80,Left,88,86,83,71,73,67,69,79,73,9,6,9,3,3,231
263617,Beñat Prados,24,CDM,Outfield,CDM CM CB,Athletic Club,La Liga,2031,180.0,72.0,22.22,14500000.0,14.5M,32000.0,32K,188311.69,2,87,0,0,0,0.0,77,82,Right,70,66,78,72,76,74,77,78,73,15,8,9,3,2,419
221087,Pau López,30,GK,Goalkeeper,GK,Real Betis Balompié,La Liga,2028,189.0,77.0,21.56,7000000.0,7M,18000.0,18K,90909.09,9,810,0,0,0,0.0,77,77,Left,45,52,42,52,16,67,62,20,11,76,76,77,3,1,308
241867,Aitor Ruibal,29,RM,Outfield,RM RB LM,Real Betis Balompié,La Liga,2028,176.0,74.0,23.89,10500000.0,10.5M,29000.0,29K,136363.64,27,1809,4,2,4,0.3,77,77,Right,80,82,67,69,70,74,70,69,71,9,14,15,3,3,76
246657,Álvaro Valles,27,GK,Goalkeeper,GK,Real Betis Balompié,La Liga,2030,191.0,82.0,22.48,9500000.0,9.5M,17000.0,17K,123376.62,28,2520,0,0,0,0.0,77,79,Right,40,42,40,65,15,67,45,10,9,77,76,77,4,1,462
229862,Edu Expósito,28,CAM,Outfield,CAM CM CDM,RCD Espanyol,La Liga,2027,178.0,68.0,21.46,10500000.0,10.5M,25000.0,25K,136363.64,36,2593,1,6,1,0.24,77,77,Right,64,65,75,65,76,81,77,75,72,9,15,6,5,3,188
258466,Leo Román,24,GK,Goalkeeper,GK,RCD Mallorca,La Liga,2030,189.0,83.0,23.24,13500000.0,13.5M,15000.0,15K,175324.68,33,2970,0,0,0,0.0,77,83,Right,49,48,44,68,14,49,46,14,15,78,74,75,3,1,428
277225,Jon Martín,19,CB,Outfield,CB,Real Sociedad,La Liga,2030,185.0,83.0,24.25,21000000.0,21M,24000.0,24K,272727.27,25,2250,2,0,2,0.08,77,86,Right,64,72,69,80,79,59,66,75,73,14,12,8,3,2,156
224415,Luis Rioja,31,RM,Outfield,RM LM RW,Valencia CF,La Liga,2027,176.0,70.0,22.6,8500000.0,8.5M,38000.0,38K,110389.61,37,2676,3,6,3,0.3,77,77,Left,80,84,77,50,58,71,70,49,49,6,9,12,4,3,100
243032,Hugo Duro,25,ST,Outfield,ST,Valencia CF,La Liga,2028,177.0,70.0,22.34,13500000.0,13.5M,38000.0,38K,175324.68,36,1979,10,0,9,0.45,77,79,Left,74,73,76,76,55,73,79,45,40,8,14,14,4,3,19
264238,Diego López,23,LW,Outfield,LW RM ST LM,Valencia CF,La Liga,2029,172.0,62.0,20.96,16000000.0,16M,34000.0,34K,207792.21,34,1781,4,1,4,0.25,77,82,Right,84,83,75,60,35,75,66,30,30,14,15,14,4,3,81
193314,Aitor Fernández,34,GK,Goalkeeper,GK,CA Osasuna,La Liga,2027,182.0,78.0,23.55,1800000.0,1.8M,22000.0,22K,23376.62,2,134,0,0,0,0.0,77,77,Right,58,53,39,52,24,47,55,13,12,77,74,76,2,1,337
208137,Lucas Torró,30,CDM,Outfield,CDM CM,CA Osasuna,La Liga,2027,190.0,77.0,21.33,9000000.0,9M,33000.0,33K,116883.12,34,2362,0,1,0,0.04,77,77,Right,48,50,77,76,75,72,70,76,74,13,14,12,3,2,366
258937,Aimar Oroz,23,CAM,Outfield,CAM CM LM,CA Osasuna,La Liga,2029,177.0,72.0,22.98,16000000.0,16M,29000.0,29K,207792.21,31,2175,0,2,0,0.08,77,82,Right,70,65,78,64,73,78,75,71,60,6,6,6,3,3,399
243558,Óscar Valentín,30,CDM,Outfield,CDM CM,Rayo Vallecano,La Liga,2027,177.0,72.0,22.98,9000000.0,9M,25000.0,25K,116883.12,33,2143,1,0,1,0.04,77,77,Right,64,64,81,71,77,73,70,77,77,11,8,10,3,2,232
274209,Carlos Álvarez,21,RM,Outfield,RM CAM RW,Levante UD,La Liga,2027,167.0,75.0,26.89,17000000.0,17M,22000.0,22K,220779.22,30,1910,3,1,3,0.19,77,83,Left,79,76,72,58,44,79,76,37,29,14,8,10,3,3,107
228635,Borja Mayoral,28,ST,Outfield,ST,Getafe CF,La Liga,2027,182.0,74.0,22.34,11000000.0,11M,37000.0,37K,142857.14,16,1072,4,1,4,0.42,77,77,Right,61,68,62,71,37,70,77,29,24,12,9,15,4,3,73
217036,Álex Moreno,32,LB,Outfield,LB,Girona FC,La Liga,2027,179.0,68.0,21.22,7500000.0,7.5M,31000.0,31K,97402.6,31,2554,0,3,0,0.11,77,77,Left,80,77,70,63,75,74,73,75,75,15,7,11,2,3,335
235997,Fran Beltrán,26,CM,Outfield,CM CDM,Girona FC,La Liga,2030,165.0,64.0,23.51,12500000.0,12.5M,31000.0,31K,162337.66,27,1544,1,0,1,0.06,77,78,Right,56,56,78,64,76,79,67,78,78,14,11,13,3,3,203
246928,Iván Martín,26,CM,Outfield,CM CDM CAM,Girona FC,La Liga,2028,178.0,70.0,22.09,12500000.0,12.5M,31000.0,31K,162337.66,35,2558,0,1,0,0.04,77,78,Left,73,71,76,60,73,77,76,74,66,13,6,6,3,3,377
251892,Beto,27,ST,Outfield,ST,Everton,Premier League,2027,194.0,88.0,23.38,8000000.0,8M,41000.0,41K,105263.16,37,1552,9,1,9,0.58,76,76,Right,73,75,70,91,18,59,72,20,21,15,11,6,3,3,28
256008,Morato,24,CB,Outfield,CB LB CDM,Nottingham Forest,Premier League,2029,192.0,88.0,23.87,9500000.0,9.5M,58000.0,58K,125000.0,21,1333,1,0,1,0.07,76,80,Left,52,54,62,89,75,49,75,77,74,12,12,6,2,2,270
212442,José Sá,32,GK,Goalkeeper,GK,Wolverhampton Wanderers,Premier League,2027,192.0,84.0,22.79,3700000.0,3.7M,37000.0,37K,48684.21,23,2070,0,0,0,0.0,76,76,Right,52,53,34,75,18,50,45,19,15,76,75,73,2,1,402
70571,Kevin,22,LM,Outfield,LM LW RW,Fulham FC,Premier League,2030,176.0,68.0,21.95,11500000.0,11.5M,58000.0,58K,151315.79,26,1002,1,1,1,0.18,76,81,Right,84,81,67,56,32,70,69,34,32,7,7,14,3,4,280
237522,Jorge Cuenca,25,CB,Outfield,CB,Fulham FC,Premier League,2028,190.0,75.0,20.78,9000000.0,9M,60000.0,60K,118421.05,15,949,0,0,0,0.0,76,79,Left,67,75,68,77,75,60,66,77,76,10,12,14,3,2,373
264337,Rodrigo Muniz,24,ST,Outfield,ST,Fulham FC,Premier League,2030,186.0,80.0,23.12,11500000.0,11.5M,63000.0,63K,151315.79,21,1001,1,1,1,0.18,76,81,Right,68,68,69,78,38,65,71,42,31,12,13,11,3,3,245
208364,Clinton Mata,32,CB,Outfield,CB,Olympique Lyonnais,Ligue 1,2028,180.0,73.0,22.53,4900000.0,4.9M,20000.0,20K,64473.68,32,2845,0,0,0,0.0,76,76,Right,73,82,84,75,78,61,77,77,77,10,10,10,3,3,401
257073,Tiago Tomás,23,LM,Outfield,LM ST RM LW,VfB Stuttgart,Bundesliga,2029,180.0,78.0,24.07,12000000.0,12M,30000.0,30K,157894.74,27,996,5,3,5,0.72,76,82,Right,85,87,80,66,40,70,74,37,29,8,14,13,3,4,60
234575,Diogo Leite,26,CB,Outfield,CB,1. FC Union Berlin,Bundesliga,2028,190.0,83.0,22.99,8500000.0,8.5M,31000.0,31K,111842.11,23,1998,0,0,0,0.0,76,79,Left,55,71,80,78,78,36,66,78,77,7,5,8,3,2,369
189505,Pedro,37,RM,Outfield,RM LM RW,Lazio,Serie A,2028,169.0,64.0,22.41,2400000.0,2.4M,23000.0,23K,31578.95,29,954,5,2,3,0.66,76,76,Right,71,56,60,41,42,80,80,29,26,5,11,15,5,4,46
251530,Nuno Tavares,25,LB,Outfield,LB LM,Lazio,Serie A,2029,183.0,75.0,22.4,9000000.0,9M,27000.0,27K,118421.05,23,1478,0,0,0,0.0,76,79,Left,83,87,81,77,65,62,75,70,70,8,13,12,4,3,421
235949,Gabriel Strefezza,28,RM,Outfield,RM LM ST RW,"Parma Jun 30, 2026 On loan",Serie A,,168.0,63.0,22.32,7500000.0,7.5M,30000.0,30K,98684.21,14,1026,2,2,2,0.35,76,76,Right,90,82,77,33,34,74,68,25,28,15,15,10,3,3,147
252794,Adrián Bernabé,24,CM,Outfield,CM CDM CAM,Parma,Serie A,2027,174.0,68.0,22.46,11500000.0,11.5M,18000.0,18K,151315.79,32,2542,3,1,3,0.14,76,81,Left,82,73,79,52,72,75,76,75,70,8,12,10,3,3,102
265650,Saúl Coco,26,CB,Outfield,CB,Torino,Serie A,2029,187.0,86.0,24.59,8500000.0,8.5M,34000.0,34K,111842.11,35,3093,1,1,1,0.06,76,79,Right,80,89,75,81,77,58,60,77,76,5,8,13,3,2,260
240915,Juan Miranda,25,LB,Outfield,LB LM,Bologna,Serie A,2027,185.0,78.0,22.79,9000000.0,9M,38000.0,38K,118421.05,32,2576,1,3,1,0.14,76,79,Left,80,80,76,63,74,68,65,71,71,11,8,9,3,3,220
199564,Sergi Roberto,33,CDM,Outfield,CDM CM RB,Como,Serie A,2029,178.0,68.0,21.46,3700000.0,3.7M,70000.0,70K,48684.21,20,507,0,0,0,0.0,76,76,Right,67,71,74,60,74,80,76,75,74,14,16,15,3,3,342
203747,Héctor Bellerín,30,RB,Outfield,RB RM,Real Betis Balompié,La Liga,2028,178.0,74.0,23.36,6500000.0,6.5M,26000.0,26K,85526.32,27,1822,2,3,2,0.25,76,76,Right,78,82,71,60,74,68,70,74,74,8,14,13,2,3,113
276745,Álvaro Núñez,24,RB,Outfield,RB RM CB CM,RC Celta,La Liga,2030,177.0,74.0,23.62,10000000.0,10M,22000.0,22K,131578.95,25,2006,0,2,0,0.09,76,80,Right,76,75,83,71,74,72,73,75,69,6,12,9,3,3,540
260546,Urko González,24,CDM,Outfield,CDM CM,RCD Espanyol,La Liga,2030,189.0,83.0,23.24,11000000.0,11M,18000.0,18K,144736.84,36,2615,0,1,0,0.03,76,82,Right,62,65,68,78,77,72,72,77,72,10,8,6,3,2,407
230786,Pepelu,26,CM,Outfield,CM CDM,Valencia CF,La Liga,2028,185.0,73.0,21.33,9000000.0,9M,34000.0,34K,118421.05,31,2253,2,0,1,0.08,76,77,Right,61,67,82,75,73,76,74,78,74,12,13,9,3,3,119
261987,Antonio Blanco,24,CDM,Outfield,CDM CM,Deportivo Alavés,La Liga,2027,176.0,70.0,22.6,10500000.0,10.5M,23000.0,23K,138157.89,36,3137,2,3,2,0.14,76,81,Right,51,48,75,60,77,76,73,77,71,11,7,12,3,3,141
246139,Iñaki Peña,26,GK,Goalkeeper,GK,"Elche CF Jun 30, 2026 On loan",La Liga,,184.0,78.0,23.04,8000000.0,8M,41000.0,41K,105263.16,16,1440,0,0,0,0.0,76,80,Right,33,38,27,54,6,65,38,10,11,75,74,75,3,1,370
206590,Moi Gómez,31,CM,Outfield,CM CDM,CA Osasuna,La Liga,2027,176.0,71.0,22.92,6000000.0,6M,32000.0,32K,78947.37,26,1202,0,2,0,0.15,76,76,Right,68,60,78,56,74,77,75,66,50,12,7,7,5,4,310
222390,Unai López,29,CM,Outfield,CM CDM,Rayo Vallecano,La Liga,2030,170.0,68.0,23.53,7500000.0,7.5M,24000.0,24K,98684.21,28,1637,0,4,0,0.22,76,76,Right,68,68,78,64,74,76,76,70,63,9,13,13,3,3,334
271755,Kike Salas,23,CB,Outfield,CB LB CDM,Sevilla FC,La Liga,2029,188.0,80.0,22.63,11000000.0,11M,24000.0,24K,144736.84,26,2199,2,0,2,0.08,76,82,Left,66,68,73,78,76,62,62,76,74,14,5,11,3,2,143
277244,Rafa Marín,23,CB,Outfield,CB,"Villarreal CF Jun 30, 2026 On loan",La Liga,,191.0,83.0,22.75,14000000.0,14M,59000.0,59K,184210.53,23,1975,1,0,1,0.05,76,83,Right,69,76,73,80,77,64,70,79,75,7,7,11,3,2,236
243312,Pablo Martínez,27,CM,Outfield,CM LM CDM,Levante UD,La Liga,2028,182.0,74.0,22.34,8000000.0,8M,27000.0,27K,105263.16,27,1878,1,5,1,0.29,76,76,Right,73,72,85,71,67,76,74,65,60,7,12,13,3,3,219
220414,Diego Rico,32,LB,Outfield,LB CB LM,Getafe CF,La Liga,2030,183.0,76.0,22.69,5000000.0,5M,31000.0,31K,65789.47,28,1723,0,0,0,0.0,76,76,Left,69,71,73,79,77,77,72,77,74,10,9,11,2,2,341
260178,Juan Iglesias,26,RB,Outfield,RB LB RM,Getafe CF,La Liga,2029,187.0,77.0,22.02,8000000.0,8M,29000.0,29K,105263.16,37,3189,1,2,1,0.08,76,77,Right,83,86,86,67,71,59,62,78,76,10,12,12,4,3,227
76624,Vitor Reis,19,CB,Outfield,CB,"Girona FC Jun 30, 2026 On loan",La Liga,,186.0,77.0,22.26,15000000.0,15M,56000.0,56K,197368.42,36,3137,1,1,1,0.06,76,86,Right,70,75,70,77,76,68,69,76,73,9,9,15,3,2,264
201505,David López,35,CB,Outfield,CB,Girona FC,La Liga,2029,185.0,81.0,23.67,2000000.0,2M,22000.0,22K,26315.79,5,300,0,0,0,0.0,76,76,Right,36,43,54,79,75,74,70,77,74,9,12,11,3,2,306
201505,David López,35,CB,Outfield,CB,Girona FC,La Liga,2029,185.0,81.0,23.67,2000000.0,2M,22000.0,22K,26315.79,14,827,0,0,0,0.0,76,76,Right,36,43,54,79,75,74,70,77,74,9,12,11,3,2,470
261530,Dário Essugo,20,CDM,Outfield,CDM CM,Chelsea,Premier League,2033,180.0,83.0,25.62,11500000.0,11.5M,58000.0,58K,153333.33,3,24,0,0,0,0.0,75,83,Right,72,80,76,83,75,70,68,76,74,9,9,6,3,2,476
213956,Adama Traoré,29,RM,Outfield,RM RW,West Ham United,Premier League,2030,179.0,86.0,26.84,5500000.0,5.5M,56000.0,56K,73333.33,24,326,0,0,0,0.0,75,75,Right,95,94,66,90,38,69,66,40,34,13,9,12,3,4,296
258607,Toti,26,CB,Outfield,CB,Wolverhampton Wanderers,Premier League,2029,187.0,72.0,20.59,6500000.0,6.5M,51000.0,51K,86666.67,19,1437,0,0,0,0.0,75,78,Left,75,79,67,81,76,65,72,77,75,11,6,5,3,2,414
261224,Hugo Bueno,22,LB,Outfield,LB LM,Wolverhampton Wanderers,Premier League,2028,180.0,73.0,22.53,8000000.0,8M,44000.0,44K,106666.67,35,2351,1,2,1,0.11,75,80,Left,75,73,76,66,75,73,74,73,72,9,12,6,2,3,241
241585,Igor Julio,27,CB,Outfield,CB LB,Brighton & Hove Albion,Premier League,2027,185.0,84.0,24.54,6000000.0,6M,64000.0,64K,80000.0,4,94,0,0,0,0.0,75,77,Left,58,68,65,89,74,60,70,76,75,7,11,15,2,2,365
253167,Félix Correia,24,LM,Outfield,LM RM LW,Lille OSC,Ligue 1,2029,178.0,66.0,20.83,7500000.0,7.5M,23000.0,23K,100000.0,34,2124,4,5,4,0.38,75,78,Right,86,83,82,58,43,73,74,44,35,10,9,10,2,4,59
270559,Tiago Santos,22,RB,Outfield,RB RM,Lille OSC,Ligue 1,2028,175.0,71.0,23.18,7500000.0,7.5M,22000.0,22K,100000.0,15,714,0,0,0,0.0,75,79,Right,85,82,61,60,74,67,76,73,75,10,7,7,3,3,391
276901,Afonso Moreira,20,LM,Outfield,LM LW,Olympique Lyonnais,Ligue 1,2029,176.0,72.0,23.24,12500000.0,12.5M,14000.0,14K,166666.67,27,1695,4,7,4,0.58,75,84,Right,90,92,86,61,39,70,68,38,32,11,7,7,3,4,71
262929,Vinicius Souza,26,CDM,Outfield,CDM CM,VfL Wolfsburg,Bundesliga,2030,187.0,80.0,22.88,6500000.0,6.5M,37000.0,37K,86666.67,24,1794,0,0,0,0.0,75,78,Right,64,65,77,84,76,65,70,76,75,14,14,13,3,2,375
232805,Bernardo,30,LB,Outfield,LB CB,TSG 1899 Hoffenheim,Bundesliga,2027,186.0,76.0,21.97,4800000.0,4.8M,31000.0,31K,64000.0,29,2340,0,0,0,0.0,75,75,Left,67,71,82,73,72,58,69,78,81,15,12,14,3,3,302
243311,Josep Martínez,27,GK,Goalkeeper,GK,Inter,Serie A,2029,191.0,78.0,21.38,5000000.0,5M,16000.0,16K,66666.67,5,450,0,0,0,0.0,75,77,Right,24,30,42,58,11,52,42,13,15,75,71,74,3,1,412
206098,Patric,32,CB,Outfield,CB CDM,Lazio,Serie A,2027,184.0,72.0,21.27,3600000.0,3.6M,29000.0,29K,48000.0,14,657,0,0,0,0.0,75,75,Right,65,61,68,64,78,66,72,77,74,8,14,9,3,2,311
200752,Juan Jesus,34,CB,Outfield,CB,Napoli,Serie A,2029,185.0,83.0,24.25,1800000.0,1.8M,68000.0,68K,24000.0,24,1670,0,0,0,0.0,75,75,Left,63,53,66,72,77,34,73,78,76,12,11,8,3,2,313
205566,Alberto Moreno,32,LB,Outfield,LB CM,Como,Serie A,2029,171.0,65.0,22.23,3900000.0,3.9M,66000.0,66K,52000.0,19,1240,2,1,2,0.22,75,75,Left,74,75,75,54,71,69,68,73,73,10,14,10,2,3,122
263829,Vitinha,25,ST,Outfield,ST,Genoa,Serie A,2028,178.0,74.0,23.36,7500000.0,7.5M,23000.0,23K,100000.0,35,2262,5,1,5,0.24,75,78,Right,78,73,73,70,36,65,74,29,22,5,8,9,3,3,55
263829,Vitinha,25,ST,Outfield,ST,Genoa,Ligue 1,2028,178.0,74.0,23.36,7500000.0,7.5M,23000.0,23K,100000.0,29,2122,1,7,1,0.34,75,78,Right,78,73,73,70,36,65,74,29,22,5,8,9,3,3,196
157481,Raúl Albiol,39,CB,Outfield,CB,Pisa,Serie A,2029,190.0,82.0,22.71,1000000.0,1M,7000.0,7K,13333.33,8,494,0,1,0,0.18,75,75,Right,31,30,34,77,75,64,74,78,76,8,6,9,3,2,331
74463,Marc Bernal,18,CDM,Outfield,CDM CM,FC Barcelona,La Liga,2029,193.0,84.0,22.55,11000000.0,11M,39000.0,39K,146666.67,22,798,2,1,2,0.34,75,86,Left,66,70,65,75,72,72,71,75,73,12,8,14,3,2,159
265800,Ferran Jutglà,26,ST,Outfield,ST RW LM CAM,RC Celta,La Liga,2029,175.0,75.0,24.49,6000000.0,6M,27000.0,27K,80000.0,30,1702,9,3,9,0.63,75,75,Right,79,73,74,79,21,65,77,29,25,6,8,8,4,3,27
266331,Hugo Álvarez,21,LM,Outfield,LM RM LW,RC Celta,La Liga,2028,176.0,72.0,23.24,9000000.0,9M,19000.0,19K,120000.0,28,1359,4,2,4,0.4,75,81,Right,70,68,62,57,69,73,69,65,58,10,9,8,3,3,83
225926,Pere Milla,32,LM,Outfield,LM ST CAM LW,RCD Espanyol,La Liga,2027,184.0,72.0,21.27,4500000.0,4.5M,22000.0,22K,60000.0,33,2005,7,1,7,0.36,75,75,Left,75,75,76,65,59,74,74,58,42,10,10,14,3,3,38
244407,Pol Lozano,25,CDM,Outfield,CDM CM,RCD Espanyol,La Liga,2027,177.0,62.0,19.79,6500000.0,6.5M,19000.0,19K,86666.67,33,2211,2,1,2,0.12,75,77,Right,62,65,81,63,74,74,67,74,73,8,7,11,3,3,129
261654,Omar El Hilali,21,RB,Outfield,RB CB RM,RCD Espanyol,La Liga,2027,183.0,75.0,22.4,8500000.0,8.5M,15000.0,15K,113333.33,36,2853,0,2,0,0.06,75,81,Right,83,82,82,73,72,65,65,72,73,10,13,13,3,3,445
80915,Jan Virgili,18,LW,Outfield,LW LM RM,RCD Mallorca,La Liga,2030,168.0,66.0,23.38,12000000.0,12M,20000.0,20K,160000.0,31,1807,2,4,2,0.3,75,86,Right,86,81,65,44,36,71,62,39,30,12,8,9,3,4,165
208620,Omar Mascarell,32,CDM,Outfield,CDM CM CB,RCD Mallorca,La Liga,2029,181.0,76.0,23.2,3700000.0,3.7M,28000.0,28K,49333.33,30,2251,2,2,2,0.16,75,75,Right,55,41,76,69,74,73,68,76,69,6,7,10,5,3,118
240900,Unai Núñez,28,CB,Outfield,CB RB,"Valencia CF Jun 30, 2026 On loan",La Liga,,186.0,81.0,23.41,5500000.0,5.5M,25000.0,25K,73333.33,13,927,0,0,0,0.0,75,76,Right,59,71,68,79,75,40,62,74,75,9,9,6,2,2,353
240900,Unai Núñez,28,CB,Outfield,CB RB,"Valencia CF Jun 30, 2026 On loan",Serie A,,186.0,81.0,23.41,5500000.0,5.5M,25000.0,25K,73333.33,17,1263,0,0,0,0.0,75,76,Right,59,71,68,79,75,40,62,74,75,9,9,6,2,2,363
265726,César Tárrega,23,CB,Outfield,CB,Valencia CF,La Liga,2030,194.0,78.0,20.72,10500000.0,10.5M,27000.0,27K,140000.0,32,2588,0,0,0,0.0,75,82,Right,60,65,77,84,74,53,61,74,75,14,11,7,3,2,434
210455,Jonny,31,RB,Outfield,RB LB CB CM,Deportivo Alavés,La Liga,2027,170.0,70.0,24.22,4099999.9999999995,4.1M,26000.0,26K,54666.67,34,3006,0,0,0,0.0,75,75,Right,76,70,71,65,76,70,80,74,77,7,10,10,4,3,316
231628,Rafa Mir,28,ST,Outfield,ST LW CAM,"Elche CF Jun 30, 2026 On loan",La Liga,,191.0,86.0,23.57,6000000.0,6M,31000.0,31K,80000.0,27,1834,8,0,7,0.39,75,75,Right,78,88,69,84,50,67,68,46,40,12,11,10,3,3,32
258139,Raúl Moro,22,LW,Outfield,LW LM RM,CA Osasuna,La Liga,2031,169.0,67.0,23.46,11500000.0,11.5M,27000.0,27K,153333.33,14,628,0,2,0,0.29,75,82,Right,85,85,56,47,23,73,68,26,22,7,14,6,3,3,401
271145,Abel Bretones,24,LB,Outfield,LB LM,CA Osasuna,La Liga,2029,188.0,78.0,22.07,8000000.0,8M,24000.0,24K,106666.67,28,1600,1,2,1,0.17,75,80,Left,75,79,81,79,73,66,65,75,71,7,11,10,3,3,259
236355,Luiz Felipe,28,CB,Outfield,CB,Rayo Vallecano,La Liga,2028,187.0,80.0,22.88,5500000.0,5.5M,22000.0,22K,73333.33,10,473,0,0,0,0.0,75,76,Right,70,75,53,80,75,58,64,75,74,14,8,10,4,3,355
236492,Pedro Díaz,27,CM,Outfield,CM CDM CAM,Rayo Vallecano,La Liga,2028,180.0,75.0,23.15,6000000.0,6M,22000.0,22K,80000.0,34,1868,0,1,0,0.05,75,75,Right,68,64,81,71,69,76,71,73,70,7,14,13,4,3,487
264174,Juanlu Sánchez,21,RB,Outfield,RB RM,Sevilla FC,La Liga,2029,186.0,70.0,20.23,8500000.0,8.5M,19000.0,19K,113333.33,32,2016,0,3,0,0.13,75,81,Right,79,80,77,69,70,71,73,73,71,15,12,12,3,3,395
243034,Alfon,26,LW,Outfield,LW LM CAM,"Villarreal CF Jun 30, 2026 On loan",La Liga,,172.0,60.0,20.28,6000000.0,6M,30000.0,30K,80000.0,21,691,2,0,2,0.26,75,75,Right,78,76,75,63,43,74,74,31,15,12,8,5,3,3,139
259065,Arnau Tenas,24,GK,Goalkeeper,GK,Villarreal CF,La Liga,2029,185.0,85.0,24.84,7000000.0,7M,16000.0,16K,93333.33,11,990,0,0,0,0.0,75,81,Right,54,48,26,38,14,65,60,13,15,74,70,74,2,1,400
70967,Carlos Espí,19,ST,Outfield,ST,Levante UD,La Liga,2028,194.0,84.0,22.32,12000000.0,12M,20000.0,20K,160000.0,25,1328,11,0,11,0.74,75,84,Right,75,79,75,86,31,66,69,34,31,9,9,11,4,3,16
264173,Iván Romero,24,ST,Outfield,ST LM LW CAM,Levante UD,La Liga,2028,172.0,72.0,24.34,8500000.0,8.5M,25000.0,25K,113333.33,32,2339,7,1,7,0.31,75,80,Right,84,84,79,62,30,67,73,51,42,10,9,5,3,3,41
205070,Portu,33,LW,Outfield,LW RM LM,Girona FC,La Liga,2027,167.0,66.0,23.67,3500000.0,3.5M,31000.0,31K,46666.67,10,463,0,0,0,0.0,75,75,Right,82,79,75,70,55,74,73,54,51,14,10,15,4,3,352
219848,David Costas,30,CB,Outfield,CB,Real Oviedo,La Liga,2028,184.0,71.0,20.97,4600000.0,4.6M,29000.0,29K,61333.33,25,2073,1,0,1,0.04,75,75,Right,69,75,71,79,76,66,76,74,72,10,15,14,4,3,186
277068,Lucas Pires,24,LB,Outfield,LB LM,Burnley,Premier League,2028,182.0,77.0,23.25,5500000.0,5.5M,37000.0,37K,74324.32,20,1391,0,0,0,0.0,74,78,Left,81,78,76,73,70,67,68,72,70,6,11,9,3,3,451
256725,Fábio Carvalho,22,CAM,Outfield,CAM CM,Brentford,Premier League,2029,170.0,62.0,21.45,8500000.0,8.5M,47000.0,47K,114864.86,6,97,1,0,1,0.92,74,81,Right,77,74,62,39,39,71,73,54,32,14,5,10,4,4,235
275070,Otávio,23,CB,Outfield,CB,Paris FC,Ligue 1,2030,187.0,83.0,23.74,6000000.0,6M,31000.0,31K,81081.08,23,1907,1,0,1,0.05,74,79,Left,72,73,70,80,75,43,68,71,71,14,12,5,2,2,253
74871,Arthur Chaves,24,CB,Outfield,CB,"FC Augsburg Jun 30, 2026 On loan",Bundesliga,,188.0,80.0,22.63,6000000.0,6M,23000.0,23K,81081.08,15,1062,2,0,2,0.17,74,79,Right,74,81,79,70,75,35,54,79,77,8,10,6,4,2,177
70966,Jacobo Ramón,20,CB,Outfield,CB,Como,Serie A,2030,196.0,80.0,20.82,8500000.0,8.5M,43000.0,43K,114864.86,32,2744,2,0,2,0.07,74,84,Right,57,60,64,79,75,48,65,76,72,10,10,13,3,2,171
273875,Álex Valle,21,LB,Outfield,LB LM,Como,Serie A,2029,178.0,72.0,22.72,9000000.0,9M,43000.0,43K,121621.62,28,2028,1,4,1,0.22,74,84,Left,83,82,75,66,70,69,66,70,70,6,14,12,3,3,273
236295,Aarón Martín,28,LB,Outfield,LB LM,Genoa,Serie A,2028,178.0,70.0,22.09,3800000.0,3.8M,21000.0,21K,51351.35,33,2167,1,5,1,0.25,74,74,Left,69,50,82,57,72,68,74,72,70,11,14,12,3,3,207
241184,Junior Firpo,28,LB,Outfield,LB LM,Real Betis Balompié,La Liga,2028,184.0,78.0,23.04,3800000.0,3.8M,23000.0,23K,51351.35,12,846,0,1,0,0.11,74,74,Left,80,75,73,73,71,75,73,74,71,7,7,14,3,3,363
264095,Hugo Sotelo,21,CM,Outfield,CM CDM,RC Celta,La Liga,2028,180.0,75.0,23.15,8500000.0,8.5M,17000.0,17K,114864.86,20,1350,0,2,0,0.13,74,81,Right,74,65,72,65,69,78,75,71,63,14,9,9,3,3,421
272453,Pablo Durán,24,ST,Outfield,ST LW CAM,RC Celta,La Liga,2027,176.0,72.0,23.24,6000000.0,6M,22000.0,22K,81081.08,30,1451,2,2,2,0.25,74,78,Right,71,72,72,67,33,65,73,28,26,7,9,9,3,3,149
277029,Miguel Román,22,CM,Outfield,CM CDM,RC Celta,La Liga,2028,178.0,70.0,22.09,6500000.0,6.5M,20000.0,20K,87837.84,19,1297,1,0,1,0.07,74,80,Right,62,64,73,58,73,79,72,74,69,12,7,12,3,3,267
192678,Kike García,35,ST,Outfield,ST,RCD Espanyol,La Liga,2027,186.0,79.0,22.84,1800000.0,1.8M,17000.0,17K,24324.32,37,1694,8,1,7,0.48,74,74,Right,43,50,55,80,40,72,76,40,21,7,9,13,4,3,33
263676,Roberto Fernández,22,ST,Outfield,ST,RCD Espanyol,La Liga,2031,186.0,78.0,22.55,7000000.0,7M,19000.0,19K,94594.59,38,2388,7,3,6,0.38,74,80,Right,75,82,82,75,55,69,70,56,35,12,13,13,3,3,46
267976,Pablo Torre,22,CAM,Outfield,CAM CM LM,RCD Mallorca,La Liga,2029,173.0,63.0,21.05,9500000.0,9.5M,23000.0,23K,128378.38,35,1614,4,4,4,0.45,74,82,Right,76,68,71,48,45,76,70,48,46,15,10,10,4,4,85
226221,Aritz Elustondo,31,CB,Outfield,CB RB,Real Sociedad,La Liga,2030,180.0,71.0,21.91,2900000.0,2.9M,30000.0,30K,39189.19,16,723,0,1,0,0.12,74,74,Right,55,67,68,75,73,32,75,73,73,7,10,15,3,2,311
246748,Aihen Muñoz,27,LB,Outfield,LB LM,Real Sociedad,La Liga,2027,175.0,68.0,22.2,4099999.9999999995,4.1M,29000.0,29K,55405.41,21,829,1,0,1,0.11,74,74,Left,76,75,74,62,71,66,74,73,70,10,9,15,3,3,209
247729,André Almeida,25,CAM,Outfield,CAM LM ST CM,Valencia CF,La Liga,2029,176.0,62.0,20.02,5500000.0,5.5M,29000.0,29K,74324.32,22,1007,0,2,0,0.18,74,77,Right,72,68,67,59,76,77,78,69,65,6,9,8,3,3,447
247832,Thierry Correia,26,RB,Outfield,RB LB RM,Valencia CF,La Liga,2028,176.0,69.0,22.28,4200000.0,4.2M,29000.0,29K,56756.76,24,1386,0,2,0,0.13,74,74,Right,88,90,72,68,70,69,70,72,70,10,15,6,4,3,391
263396,Copete,25,CB,Outfield,CB,Valencia CF,La Liga,2029,192.0,73.0,19.8,5500000.0,5.5M,27000.0,27K,74324.32,21,1767,0,0,0,0.0,74,78,Left,58,55,65,73,76,50,62,76,74,11,13,13,2,2,446
205192,Denis Suárez,31,CM,Outfield,CM LM CDM,Deportivo Alavés,La Liga,2027,176.0,69.0,22.28,3500000.0,3.5M,25000.0,25K,47297.3,30,1407,1,2,1,0.19,74,74,Right,60,67,59,58,66,77,74,66,49,10,14,7,3,3,177
240458,Ander Guevara,27,CDM,Outfield,CDM CM,Deportivo Alavés,La Liga,2027,180.0,73.0,22.53,4300000.0,4.3M,23000.0,23K,58108.11,25,581,1,1,1,0.31,74,75,Right,50,35,77,68,73,73,76,75,71,14,12,14,3,3,195
246113,Adrià Pedrosa,27,LB,Outfield,LB LM LW,"Elche CF Jun 30, 2026 On loan",La Liga,,176.0,69.0,22.28,4099999.9999999995,4.1M,25000.0,25K,55405.41,27,1053,1,1,1,0.17,74,74,Left,88,86,86,62,67,65,70,68,67,14,14,10,3,3,206
253416,Raúl García,24,ST,Outfield,ST,CA Osasuna,La Liga,2028,192.0,70.0,18.99,6500000.0,6.5M,26000.0,26K,87837.84,36,926,7,1,7,0.78,74,79,Right,67,71,63,74,15,68,70,31,28,12,15,6,3,3,39
271373,Fran Pérez,22,RM,Outfield,RM LM RB,Rayo Vallecano,La Liga,2029,175.0,68.0,22.2,6500000.0,6.5M,18000.0,18K,87837.84,29,1226,2,1,2,0.22,74,79,Right,79,78,66,55,48,70,67,41,31,9,13,9,3,4,147
276895,Alemão,27,ST,Outfield,ST,Rayo Vallecano,La Liga,2030,182.0,85.0,25.66,4600000.0,4.6M,22000.0,22K,62162.16,26,1118,4,0,4,0.32,74,74,Right,70,76,77,87,25,70,72,30,18,12,14,12,5,3,89
69967,Isaac Romero,25,ST,Outfield,ST,Sevilla FC,La Liga,2028,184.0,70.0,20.68,5500000.0,5.5M,27000.0,27K,74324.32,29,1506,4,0,4,0.24,74,77,Left,81,84,76,74,22,65,66,12,10,5,12,8,3,3,87
213917,Fábio Cardoso,31,CB,Outfield,CB,Sevilla FC,La Liga,2028,187.0,82.0,23.45,2900000.0,2.9M,26000.0,26K,39189.19,4,309,0,0,0,0.0,74,74,Right,62,53,76,82,75,41,68,73,71,7,14,15,2,2,551
224309,Joan Jordán,30,CM,Outfield,CM CDM,Sevilla FC,La Liga,2027,185.0,74.0,21.62,4000000.0,4M,27000.0,27K,54054.05,3,15,0,0,0,0.0,74,74,Right,50,52,75,74,73,75,73,74,59,13,12,12,4,3,309
234426,Marcão,29,CB,Outfield,CB,Sevilla FC,La Liga,2027,185.0,80.0,23.37,3500000.0,3.5M,26000.0,26K,47297.3,13,935,1,0,1,0.1,74,74,Left,56,61,67,81,70,54,70,73,72,8,8,10,3,2,245
270301,Peque,22,CAM,Outfield,CAM LM ST CM,Sevilla FC,La Liga,2028,172.0,66.0,22.31,8500000.0,8.5M,23000.0,23K,114864.86,26,952,2,1,2,0.28,74,81,Right,79,76,72,45,27,73,73,48,40,13,8,12,4,3,158
278659,Pau Navarro,20,CB,Outfield,CB RB,Villarreal CF,La Liga,2030,185.0,72.0,21.04,8500000.0,8.5M,21000.0,21K,114864.86,24,2034,0,0,0,0.0,74,83,Right,59,65,67,63,77,63,61,79,75,9,9,10,3,2,493
189860,Kiko Femenía,34,RB,Outfield,RB RM,Getafe CF,La Liga,2027,174.0,61.0,20.15,1500000.0,1.5M,27000.0,27K,20270.27,28,2070,1,1,1,0.09,74,74,Right,68,68,72,61,74,67,63,76,74,16,15,15,3,3,187
226157,Javi Muñoz,30,CM,Outfield,CM CAM RM,Getafe CF,La Liga,2028,175.0,69.0,22.53,4000000.0,4M,28000.0,28K,54054.05,17,527,0,0,0,0.0,74,74,Right,71,72,84,74,76,76,69,74,71,6,10,7,4,3,336
234835,Domingos Duarte,30,CB,Outfield,CB,Getafe CF,La Liga,2028,190.0,80.0,22.16,3500000.0,3.5M,27000.0,27K,47297.3,34,2953,1,1,1,0.06,74,74,Right,50,52,69,78,77,44,64,75,73,9,9,14,3,2,213
274555,Mario Martín,21,CM,Outfield,CM CDM CAM,Getafe CF,La Liga,2027,178.0,74.0,23.36,9500000.0,9.5M,20000.0,20K,128378.38,35,2158,2,1,2,0.13,74,82,Right,64,69,81,70,71,74,69,75,74,11,11,9,3,3,151
279026,Hugo Rincón,22,RB,Outfield,RB RM,"Girona FC Jun 30, 2026 On loan",La Liga,,183.0,75.0,22.4,9000000.0,9M,27000.0,27K,121621.62,33,1713,1,1,1,0.11,74,82,Right,82,84,82,73,70,66,66,71,68,14,11,10,2,2,256
251616,David Carmo,25,CB,Outfield,CB,"Real Oviedo Jun 30, 2026 On loan",La Liga,,196.0,84.0,21.87,5500000.0,5.5M,57000.0,57K,74324.32,22,1785,1,0,1,0.05,74,78,Left,53,63,73,82,76,61,70,75,72,10,7,14,2,2,278
275985,Alberto Reina,27,CM,Outfield,CM CDM CAM,Real Oviedo,La Liga,2027,179.0,71.0,22.16,4500000.0,4.5M,27000.0,27K,60810.81,38,2616,4,1,4,0.17,74,74,Right,64,74,81,66,69,75,72,68,64,13,8,15,3,3,88
275468,Andrés García,22,RB,Outfield,RB RM,Aston Villa,Premier League,2029,183.0,82.0,24.49,6500000.0,6.5M,54000.0,54K,89041.1,6,82,0,0,0,0.0,73,81,Right,77,77,74,63,72,67,69,71,67,11,12,11,4,3,489
264290,Pablo,21,ST,Outfield,ST,West Ham United,Premier League,2030,184.0,74.0,21.86,7000000.0,7M,37000.0,37K,95890.41,14,844,0,1,0,0.11,73,81,Right,75,73,73,70,34,67,72,31,25,14,10,7,3,3,528
259170,Rodrigo Gomes,21,LW,Outfield,LW LM RM,Wolverhampton Wanderers,Premier League,2029,175.0,67.0,21.88,7000000.0,7M,36000.0,36K,95890.41,22,951,3,0,3,0.28,73,82,Right,80,80,67,42,63,68,72,59,52,10,13,14,3,3,124
268868,Tiago Gouveia,24,RW,Outfield,RW LW LM RM,"OGC Nice Jun 30, 2026 On loan",Ligue 1,,176.0,73.0,23.57,4800000.0,4.8M,14000.0,14K,65753.42,15,507,0,0,0,0.0,73,79,Right,84,82,64,50,46,74,73,48,41,12,13,8,3,3,511
237960,Mama Baldé,29,LW,Outfield,LW ST LM,Stade Brestois 29,Ligue 1,2027,176.0,69.0,22.28,3000000.0,3M,21000.0,21K,41095.89,18,712,2,2,2,0.5,73,73,Right,85,90,75,75,47,65,66,52,48,6,12,13,3,3,126
275028,Arthur,22,RM,Outfield,RM RB,Bayer 04 Leverkusen,Bundesliga,2028,174.0,69.0,22.79,4700000.0,4.7M,40000.0,40K,64383.56,20,1130,1,3,1,0.32,73,78,Right,80,85,68,49,65,67,62,67,64,12,5,10,3,4,229
75056,Chema Andrés,20,CDM,Outfield,CDM CM,VfB Stuttgart,Bundesliga,2030,190.0,82.0,22.71,6500000.0,6.5M,19000.0,19K,89041.1,25,1299,3,0,3,0.21,73,82,Right,57,59,66,69,82,68,72,72,62,9,6,10,3,3,121
235875,Pol Lirola,27,RB,Outfield,RB CB CM,Hellas Verona FC,Serie A,2028,183.0,70.0,20.9,2900000.0,2.9M,10000.0,10K,39726.03,6,310,0,0,0,0.0,73,73,Right,70,73,73,61,69,65,67,71,68,12,12,9,3,3,324
235875,Pol Lirola,27,RB,Outfield,RB CB CM,Hellas Verona FC,Ligue 1,2028,183.0,70.0,20.9,2900000.0,2.9M,10000.0,10K,39726.03,3,19,0,0,0,0.0,73,73,Right,70,73,73,61,69,65,67,71,68,12,12,9,3,3,274
278668,Zé Pedro,28,CB,Outfield,CB,Cagliari,Serie A,2028,187.0,84.0,24.02,3100000.0,3.1M,11000.0,11K,42465.75,23,1723,0,1,0,0.05,73,75,Right,69,68,68,72,74,58,67,74,72,8,13,7,2,2,549
262140,Carlos Domínguez,24,CB,Outfield,CB,RC Celta,La Liga,2028,187.0,81.0,23.16,4200000.0,4.2M,17000.0,17K,57534.25,8,602,0,0,0,0.0,73,78,Left,56,68,58,79,72,47,68,76,70,5,14,9,3,2,420
263133,Antoniu Roca,22,RM,Outfield,RM LM RW,RCD Espanyol,La Liga,2028,180.0,65.0,20.06,4200000.0,4.2M,15000.0,15K,57534.25,13,262,0,0,0,0.0,73,76,Right,82,81,62,58,40,70,70,44,33,11,6,15,3,3,492
232008,Toni Lato,27,LB,Outfield,LB LM,RCD Mallorca,La Liga,2027,171.0,64.0,21.89,2900000.0,2.9M,22000.0,22K,39726.03,12,601,0,1,0,0.15,73,73,Left,76,76,65,56,67,66,64,70,71,7,10,9,4,3,324
248820,Mateu Morey,25,RB,Outfield,RB RM LB,RCD Mallorca,La Liga,2027,173.0,67.0,22.39,3700000.0,3.7M,21000.0,21K,50684.93,18,723,1,0,1,0.12,73,76,Right,75,75,68,51,75,62,63,69,73,6,13,7,3,3,217
252909,Antonio Sánchez,28,RM,Outfield,RM CM RB,RCD Mallorca,La Liga,2027,179.0,78.0,24.34,3100000.0,3.1M,24000.0,24K,42465.75,30,1016,0,0,0,0.0,73,73,Right,71,72,83,75,72,73,71,68,64,15,13,14,3,3,430
272455,Pablo Marín,21,CM,Outfield,CM CDM RM CAM,Real Sociedad,La Liga,2029,178.0,71.0,22.41,7000000.0,7M,20000.0,20K,95890.41,34,1491,0,1,0,0.06,73,82,Right,69,67,63,59,70,74,66,72,55,7,7,15,3,3,451
264160,Pablo Ibáñez,26,CM,Outfield,CM CDM,Deportivo Alavés,La Liga,2030,179.0,74.0,23.1,3600000.0,3.6M,22000.0,22K,49315.07,37,2278,1,1,1,0.08,73,74,Right,68,74,75,62,72,73,59,71,72,12,13,10,3,2,242
246809,Marc Aguado,25,CDM,Outfield,CDM CM,Elche CF,La Liga,2027,178.0,68.0,21.46,4099999.9999999995,4.1M,17000.0,17K,56164.38,35,2539,1,2,1,0.11,73,78,Right,61,69,76,64,71,74,72,71,70,12,14,9,3,2,274
259173,Víctor Chust,25,CB,Outfield,CB,"Elche CF Jun 30, 2026 On loan",La Liga,,182.0,77.0,23.25,4000000.0,4M,8000.0,8K,54794.52,31,2146,1,0,1,0.04,73,78,Right,68,73,60,75,74,50,68,74,73,7,9,14,5,2,224
206219,Juan Cruz,32,LB,Outfield,LB CB CDM,CA Osasuna,La Liga,2029,180.0,79.0,24.38,2100000.0,2.1M,25000.0,25K,28767.12,15,644,0,0,0,0.0,73,73,Left,72,69,71,69,72,57,60,74,73,14,11,11,3,2,403
225200,Kike Barja,28,LW,Outfield,LW LM RW,CA Osasuna,La Liga,2030,178.0,69.0,21.78,3100000.0,3.1M,27000.0,27K,42465.75,27,369,2,2,2,0.97,73,73,Right,76,73,63,60,33,72,69,35,31,6,12,15,3,3,123
248805,Sergio Camello,24,ST,Outfield,ST,Rayo Vallecano,La Liga,2027,177.0,69.0,22.02,4700000.0,4.7M,18000.0,18K,64383.56,22,810,5,1,5,0.67,73,78,Right,76,76,73,58,35,75,75,36,23,13,8,11,4,4,66
216475,Morales,37,ST,Outfield,ST LM CAM,Levante UD,La Liga,2030,180.0,70.0,21.6,1000000.0,1M,19000.0,19K,13698.63,20,298,1,1,0,0.6,73,73,Right,75,76,69,66,58,71,76,54,45,14,13,16,4,4,175
242279,Oriol Rey,27,CM,Outfield,CM CDM,Levante UD,La Liga,2027,177.0,71.0,22.66,3200000.0,3.2M,22000.0,22K,43835.62,20,1316,0,1,0,0.07,73,73,Left,55,59,85,73,73,76,72,75,64,6,13,6,3,2,405
275986,Álex Sancris,28,RM,Outfield,RM LM RW,Getafe CF,La Liga,2028,181.0,77.0,23.5,3100000.0,3.1M,26000.0,26K,42465.75,18,693,0,1,0,0.13,73,73,Right,78,79,77,62,25,68,53,26,27,9,6,13,5,3,554
272718,Joel Roca,20,LW,Outfield,LW LM,Girona FC,La Liga,2029,176.0,72.0,23.24,6500000.0,6.5M,19000.0,19K,89041.1,32,1463,3,1,3,0.25,73,82,Right,85,82,65,61,46,70,66,45,42,8,14,11,3,3,106
76803,Emersonn,20,ST,Outfield,ST,Toulouse FC,Ligue 1,2029,186.0,77.0,22.26,5000000.0,5M,14000.0,14K,69444.44,27,1517,7,2,7,0.53,72,81,Right,78,84,71,78,21,59,70,28,23,7,8,13,3,3,33
265732,Àlex Sala,24,CDM,Outfield,CDM CM,Lecce,Serie A,2028,185.0,77.0,22.5,3100000.0,3.1M,8000.0,8K,43055.56,9,148,0,1,0,0.6,72,76,Right,65,65,72,77,66,68,73,75,72,10,11,9,3,2,454
275783,Kialonda Gaspar,27,CB,Outfield,CB,Lecce,Serie A,2027,193.0,88.0,23.62,2500000.0,2.5M,9000.0,9K,34722.22,23,1827,0,0,0,0.0,72,74,Right,63,66,79,89,68,30,62,75,72,8,8,8,2,2,496
240938,Junior Messias,34,CM,Outfield,CM CAM,Genoa,Serie A,2028,179.0,70.0,21.85,1100000.0,1.1M,18000.0,18K,15277.78,20,655,3,1,2,0.55,72,72,Left,75,76,61,52,61,74,65,66,51,8,8,9,3,3,101
277708,Unai Gómez,22,CAM,Outfield,CAM LM CM,Athletic Club,La Liga,2028,183.0,75.0,22.4,3800000.0,3.8M,24000.0,24K,52777.78,26,930,1,1,1,0.19,72,78,Left,77,77,72,70,35,74,66,51,42,9,13,7,3,3,248
202716,Abdón Prats,32,ST,Outfield,ST CAM,RCD Mallorca,La Liga,2028,181.0,81.0,24.72,1900000.0,1.9M,24000.0,24K,26388.89,15,92,0,0,0,0.0,72,72,Left,60,68,59,75,25,45,65,23,18,10,11,15,3,3,390
270206,Mateo Joseph,21,ST,Outfield,ST RM RW,"RCD Mallorca Jun 30, 2026 On loan",La Liga,,185.0,74.0,21.62,5500000.0,5.5M,31000.0,31K,76388.89,29,1707,2,3,2,0.26,72,82,Right,79,84,73,73,43,61,66,46,23,6,14,8,3,2,150
265520,Unai Marrero,23,GK,Goalkeeper,GK,Real Sociedad,La Liga,2027,189.0,82.0,22.96,4000000.0,4M,12000.0,12K,55555.56,1,90,0,0,0,0.0,72,79,Right,32,29,24,59,9,42,40,10,10,73,72,70,3,1,414
229667,Josan,35,RM,Outfield,RM RB RW,Elche CF,La Liga,2030,175.0,68.0,22.2,950000.0,950K,13000.0,13K,13194.44,19,525,0,3,0,0.51,72,72,Right,79,80,61,32,65,66,66,69,65,7,11,12,3,4,409
244393,Gonzalo Villar,27,CM,Outfield,CM CAM CDM,Elche CF,La Liga,2029,181.0,74.0,22.59,2500000.0,2.5M,17000.0,17K,34722.22,12,722,1,0,1,0.12,72,72,Right,50,59,71,67,70,74,73,71,69,12,11,8,3,3,201
270109,Martim Neto,22,CM,Outfield,CM CDM CAM,Elche CF,La Liga,2028,185.0,82.0,23.96,5000000.0,5M,15000.0,15K,69444.44,25,1367,2,5,2,0.46,72,81,Right,77,76,77,63,60,75,69,64,57,12,15,6,3,3,164
272445,Álvaro Rodríguez,20,ST,Outfield,ST,Elche CF,La Liga,2029,192.0,81.0,21.97,5000000.0,5M,14000.0,14K,69444.44,34,2199,7,5,7,0.49,72,83,Left,78,82,70,79,36,64,61,35,30,11,14,7,3,3,44
78367,Oso,21,LB,Outfield,LB LM,Sevilla FC,La Liga,2027,183.0,68.0,20.31,5000000.0,5M,15000.0,15K,69444.44,21,1397,2,3,2,0.32,72,80,Left,79,77,70,56,69,70,61,70,68,14,6,7,2,2,162
267960,Andrés Castrín,22,CB,Outfield,CB,Sevilla FC,La Liga,2027,188.0,83.0,23.48,4900000.0,4.9M,18000.0,18K,68055.56,19,1251,1,0,1,0.07,72,81,Right,63,66,66,78,72,48,57,73,68,6,15,14,3,2,266
247328,Unai Vencedor,24,CDM,Outfield,CDM CM,"Levante UD Jun 30, 2026 On loan",La Liga,,176.0,71.0,22.92,2900000.0,2.9M,22000.0,22K,40277.78,16,837,0,0,0,0.0,72,75,Right,69,55,77,73,69,72,73,70,68,15,6,6,4,3,394
252865,Iker Losada,23,CAM,Outfield,CAM LM CM,"Levante UD Jun 30, 2026 On loan",La Liga,,175.0,70.0,22.86,3500000.0,3.5M,17000.0,17K,48611.11,23,882,3,1,3,0.41,72,77,Right,73,72,55,61,53,72,67,28,21,8,10,12,3,3,99
197891,Juanmi,32,ST,Outfield,ST LM LW,Getafe CF,La Liga,2027,172.0,69.0,23.32,1900000.0,1.9M,25000.0,25K,26388.89,8,152,1,0,1,0.59,72,72,Right,74,72,65,56,26,65,70,32,25,11,6,12,3,3,169
277269,Adrián Liso,20,ST,Outfield,ST LM RM CAM,"Getafe CF Jun 30, 2026 On loan",La Liga,,182.0,72.0,21.74,5000000.0,5M,7000.0,7K,69444.44,28,1725,3,0,3,0.16,72,83,Left,82,84,73,75,34,65,63,40,31,9,6,5,3,3,110
239250,Abel Ruiz,25,ST,Outfield,ST,Girona FC,La Liga,2029,180.0,75.0,23.15,3100000.0,3.1M,22000.0,22K,43055.56,9,168,0,0,0,0.0,72,75,Right,71,76,79,73,24,76,70,38,20,6,10,10,3,4,378
219180,Dani Calvo,31,CB,Outfield,CB,Real Oviedo,La Liga,2030,190.0,82.0,22.71,1600000.0,1.6M,22000.0,22K,22222.22,21,1688,0,0,0,0.0,72,72,Right,46,51,75,84,74,42,68,73,70,11,7,13,3,2,330
278813,Marc Guiu,19,ST,Outfield,ST,Chelsea,Premier League,2029,187.0,82.0,23.45,4500000.0,4.5M,45000.0,45K,63380.28,10,250,0,1,0,0.36,71,84,Right,73,78,66,76,29,55,70,31,27,5,6,14,4,3,444
234724,John Victor,29,GK,Goalkeeper,GK,Nottingham Forest,Premier League,2028,196.0,91.0,23.69,1300000.0,1.3M,30000.0,30K,18309.86,5,440,0,0,0,0.0,71,71,Right,19,28,19,69,9,38,23,10,11,74,67,68,1,1,511
77593,Mateus Mané,17,CAM,Outfield,CAM CM RW,Wolverhampton Wanderers,Premier League,2029,175.0,71.0,23.18,4300000.0,4.3M,20000.0,20K,60563.38,27,1784,3,1,3,0.2,71,84,Right,81,82,66,62,40,71,72,45,33,10,7,5,3,3,127
242054,Igor Silva,28,RB,Outfield,RB CB RM,FC Lorient,Ligue 1,2028,173.0,66.0,22.05,1700000.0,1.7M,13000.0,13K,23943.66,17,1208,1,0,1,0.07,71,71,Right,74,77,75,58,69,58,58,70,64,11,12,6,2,3,203
277929,Kauã Santos,22,GK,Goalkeeper,GK,Eintracht Frankfurt,Bundesliga,2030,196.0,85.0,22.13,3600000.0,3.6M,9000.0,9K,50704.23,13,1084,0,0,0,0.0,71,81,Right,34,42,24,64,8,33,29,14,13,76,65,62,1,1,402
258615,Oier Zarraga,26,CM,Outfield,CM CDM,Udinese,Serie A,2027,175.0,76.0,24.82,2000000.0,2M,12000.0,12K,28169.01,24,427,0,0,0,0.0,71,71,Right,74,65,63,58,66,72,72,68,62,12,8,11,3,3,400
256856,Fali Candé,27,CB,Outfield,CB,Sassuolo,Serie A,2028,184.0,82.0,24.22,2000000.0,2M,13000.0,13K,28169.01,12,509,0,0,0,0.0,71,73,Left,79,81,85,73,71,56,70,72,67,9,12,13,2,2,442
194911,Adrián,38,GK,Goalkeeper,GK,Real Betis Balompié,La Liga,2029,190.0,80.0,22.16,210000.0,210K,7000.0,7K,2957.75,1,90,0,0,0,0.0,71,71,Right,44,42,38,63,25,32,57,19,14,68,75,74,2,1,294
72425,Yoel Lago,21,CB,Outfield,CB,RC Celta,La Liga,2029,185.0,70.0,20.45,3500000.0,3.5M,12000.0,12K,49295.77,12,966,0,0,0,0.0,71,78,Right,56,66,64,75,72,49,68,75,67,7,8,8,3,2,482
262479,Rubén Sánchez,24,RB,Outfield,RB RM,RCD Espanyol,La Liga,2027,185.0,73.0,21.33,2600000.0,2.6M,12000.0,12K,36619.72,21,774,0,1,0,0.12,71,76,Right,83,83,82,65,66,65,63,66,61,14,13,8,3,3,431
260082,Jesús Vázquez,22,LB,Outfield,LB LM,Valencia CF,La Liga,2028,182.0,76.0,22.94,2800000.0,2.8M,19000.0,19K,39436.62,24,936,0,0,0,0.0,71,77,Left,78,75,69,63,65,63,63,71,70,15,10,11,2,2,415
264842,Calebe,25,RM,Outfield,RM CM RW,Deportivo Alavés,La Liga,2029,173.0,67.0,22.39,2200000.0,2.2M,17000.0,17K,30985.92,19,767,0,0,0,0.0,71,72,Left,74,76,68,55,58,71,70,66,62,12,13,13,2,3,532
239671,Tete Morente,28,LM,Outfield,LM LW RM,Elche CF,La Liga,2028,184.0,78.0,23.04,1900000.0,1.9M,16000.0,16K,26760.56,13,940,1,1,1,0.19,71,71,Right,80,77,72,64,54,61,65,35,31,13,9,11,3,3,223
239671,Tete Morente,28,LM,Outfield,LM LW RM,Elche CF,Serie A,2028,184.0,78.0,23.04,1900000.0,1.9M,16000.0,16K,26760.56,16,859,0,0,0,0.0,71,71,Right,80,77,72,64,54,61,65,35,31,13,9,11,3,3,407
278923,Héctor Fort,18,RB,Outfield,RB LB RM CM,"Elche CF Jun 30, 2026 On loan",La Liga,,185.0,78.0,22.79,4200000.0,4.2M,27000.0,27K,59154.93,14,478,2,2,2,0.75,71,83,Right,82,84,65,63,67,64,62,66,65,7,10,8,3,3,153
264159,Iker Benito,22,LW,Outfield,LW RM LM,CA Osasuna,La Liga,2027,176.0,71.0,22.92,3800000.0,3.8M,19000.0,19K,53521.13,6,148,1,0,1,0.6,71,78,Right,82,78,72,65,62,67,69,57,51,10,8,10,3,3,238
274355,Iker Muñoz,22,CM,Outfield,CM CDM,CA Osasuna,La Liga,2030,180.0,69.0,21.3,4200000.0,4.2M,18000.0,18K,59154.93,19,928,0,0,0,0.0,71,79,Right,56,58,68,67,72,70,65,71,69,10,11,5,3,3,457
246011,Víctor García,27,RM,Outfield,RM RW RB,Levante UD,La Liga,2028,180.0,79.0,24.38,2000000.0,2M,18000.0,18K,28169.01,21,1065,2,1,2,0.25,71,71,Right,78,76,77,62,52,65,59,61,45,11,6,7,3,3,133
238305,Nacho Vidal,30,RB,Outfield,RB CM,Real Oviedo,La Liga,2027,180.0,75.0,23.15,1600000.0,1.6M,20000.0,20K,22535.21,30,2383,0,0,0,0.0,71,71,Right,73,73,70,63,71,64,69,68,67,8,8,11,3,3,344
83381,Souza,19,LB,Outfield,LB LM,Tottenham Hotspur,Premier League,2031,183.0,75.0,22.4,3600000.0,3.6M,29000.0,29K,51428.57,4,136,0,0,0,0.0,70,82,Left,83,80,64,56,67,66,68,68,68,13,6,5,3,2,532
80674,Dro Fernández,17,CM,Outfield,CM CAM,Paris Saint-Germain,La Liga,2030,182.0,68.0,20.53,3600000.0,3.6M,19000.0,19K,51428.57,4,83,0,0,0,0.0,70,85,Right,68,72,62,51,61,73,71,63,46,10,6,12,3,3,530
80674,Dro Fernández,17,CM,Outfield,CM CAM,Paris Saint-Germain,Ligue 1,2030,182.0,68.0,20.53,3600000.0,3.6M,19000.0,19K,51428.57,12,680,1,0,1,0.13,70,85,Right,68,72,62,51,61,73,71,63,46,10,6,12,3,3,239
279880,Renato Marin,18,GK,Goalkeeper,GK,Paris Saint-Germain,Ligue 1,2030,193.0,80.0,21.48,3200000.0,3.2M,10000.0,10K,45714.29,2,180,0,0,0,0.0,70,83,Left,35,31,36,66,13,42,42,14,10,70,64,68,3,1,416
79270,Alisson,22,LW,Outfield,LW RW CAM LM,"Napoli Jun 30, 2026 On loan",Premier League,,177.0,70.0,22.34,3600000.0,3.6M,10000.0,10K,51428.57,26,2340,0,0,0,0.0,70,78,Right,82,83,69,58,33,67,63,39,35,6,8,11,4,3,303
76739,Pablo García,19,RW,Outfield,RW RM LM,Real Betis Balompié,La Liga,2029,175.0,67.0,21.88,3800000.0,3.8M,12000.0,12K,54285.71,15,346,0,0,0,0.0,70,83,Left,79,79,59,68,44,69,64,29,32,13,15,6,3,3,513
76740,Ángel Ortiz,20,RB,Outfield,RB RM,Real Betis Balompié,La Liga,2029,167.0,60.0,21.51,3300000.0,3.3M,11000.0,11K,47142.86,13,584,0,0,0,0.0,70,81,Right,80,81,72,59,67,67,67,67,65,6,7,6,3,2,512
76768,Ángel Pérez,22,RM,Outfield,RM RB LM RW,Deportivo Alavés,La Liga,2030,183.0,76.0,22.69,3600000.0,3.6M,14000.0,14K,51428.57,16,1292,1,3,1,0.28,70,79,Right,87,88,81,65,65,63,61,66,64,6,9,15,3,3,284
279109,Víctor Parada,23,LB,Outfield,LB CB RB LM,Deportivo Alavés,La Liga,2029,185.0,76.0,22.21,2100000.0,2.1M,13000.0,13K,30000.0,30,2159,0,3,0,0.12,70,74,Left,74,79,72,75,69,63,63,71,69,14,10,12,3,3,472
265396,Carlos Martín,23,ST,Outfield,ST LM CAM,"Rayo Vallecano Jun 30, 2026 On loan",La Liga,,181.0,73.0,22.28,3200000.0,3.2M,29000.0,29K,45714.29,11,473,0,0,0,0.0,70,77,Right,74,78,67,69,44,68,62,40,32,14,9,14,4,3,433
269643,Alex Forés,24,ST,Outfield,ST,"Real Oviedo Jun 30, 2026 On loan",La Liga,,179.0,67.0,20.91,2400000.0,2.4M,19000.0,19K,34285.71,18,331,0,1,0,0.27,70,75,Right,70,70,73,62,30,53,66,33,30,8,10,12,3,3,548
79607,Rafael Luís,20,CDM,Outfield,CDM CM,"RC Strasbourg Alsace Jun 30, 2026 On loan",Ligue 1,,188.0,83.0,23.48,3200000.0,3.2M,7000.0,7K,46376.81,12,573,0,1,0,0.16,69,81,Left,62,59,67,72,66,68,61,68,65,11,7,6,3,2,507
80283,Giovane,21,ST,Outfield,ST RW RM CAM,Napoli,Serie A,2030,184.0,84.0,24.81,3200000.0,3.2M,30000.0,30K,46376.81,33,1873,3,5,3,0.38,69,79,Left,67,65,52,63,21,69,70,22,21,5,10,8,2,4,118
70555,Tiago Gabriel,20,CB,Outfield,CB,Lecce,Serie A,2027,195.0,85.0,22.35,2900000.0,2.9M,5000.0,5K,42028.99,37,3223,2,0,2,0.06,69,77,Right,61,65,65,84,67,44,60,72,66,14,14,9,2,2,178
271539,Danilo Veiga,22,RB,Outfield,RB RM,Lecce,Serie A,2027,183.0,83.0,24.78,3000000.0,3M,6000.0,6K,43478.26,36,3026,0,1,0,0.03,69,78,Right,73,72,62,71,67,59,63,72,69,13,9,12,3,2,512
81732,Pedro Felipe,21,CB,Outfield,CB,"Sassuolo Jun 30, 2026 On loan",Serie A,,190.0,85.0,23.55,2900000.0,2.9M,30000.0,30K,42028.99,3,125,0,1,0,0.71,69,79,Right,72,78,63,78,66,48,68,68,68,10,10,12,3,2,557
271034,Álex Padilla,21,GK,Goalkeeper,GK,Athletic Club,La Liga,2029,190.0,83.0,22.99,2700000.0,2.7M,7000.0,7K,39130.43,1,90,0,0,0,0.0,69,79,Right,37,29,22,62,8,34,27,15,10,71,68,68,3,1,473
264110,Javi Llabrés,22,LW,Outfield,LW LM RM,RCD Mallorca,La Liga,2029,174.0,67.0,22.13,2800000.0,2.8M,14000.0,14K,40579.71,16,147,0,0,0,0.0,69,76,Right,80,78,78,47,32,66,56,34,32,15,10,9,4,3,436
278392,David López,22,CB,Outfield,CB,RCD Mallorca,La Liga,2027,195.0,87.0,22.88,2900000.0,2.9M,13000.0,13K,42028.99,5,300,0,0,0,0.0,69,78,Right,51,65,77,80,67,30,56,67,68,6,11,9,2,2,306
278392,David López,22,CB,Outfield,CB,RCD Mallorca,La Liga,2027,195.0,87.0,22.88,2900000.0,2.9M,13000.0,13K,42028.99,14,827,0,0,0,0.0,69,78,Right,51,65,77,80,67,30,56,67,68,6,11,9,2,2,470
74913,Wesley,20,LW,Outfield,LW LM RM,"Real Sociedad Jun 30, 2026 On loan",La Liga,,180.0,70.0,21.6,3100000.0,3.1M,15000.0,15K,44927.54,5,74,0,0,0,0.0,69,80,Right,76,70,59,67,21,65,69,21,25,9,13,9,4,4,589
74913,Wesley,20,LW,Outfield,LW LM RM,"Real Sociedad Jun 30, 2026 On loan",Serie A,,180.0,70.0,21.6,3100000.0,3.1M,15000.0,15K,44927.54,30,2474,5,0,5,0.18,69,80,Right,76,70,59,67,21,65,69,21,25,9,13,9,4,4,60
260083,John Donald,24,CB,Outfield,CB CDM CM,Elche CF,La Liga,2028,182.0,78.0,23.55,2600000.0,2.6M,10000.0,10K,37681.16,21,637,1,0,1,0.14,69,76,Right,50,53,57,68,70,59,59,71,72,14,6,10,3,2,226
241055,Diego Pampín,25,LB,Outfield,LB CM,Levante UD,La Liga,2028,173.0,65.0,21.72,1600000.0,1.6M,13000.0,13K,23188.41,8,526,0,0,0,0.0,69,71,Left,77,78,77,58,64,64,57,64,65,12,12,12,3,2,359
229894,Lucas Ahijado,30,RB,Outfield,RB LB RM,Real Oviedo,La Liga,2030,174.0,67.0,22.13,1200000.0,1.2M,16000.0,16K,17391.3,20,1086,0,1,0,0.08,69,69,Right,74,73,78,63,66,64,59,65,66,14,7,10,3,3,552
73049,Pedro Lima,19,RB,Outfield,RB RM,Wolverhampton Wanderers,Premier League,2029,178.0,57.0,17.99,2700000.0,2.7M,17000.0,17K,39705.88,9,254,0,0,0,0.0,68,83,Right,77,75,59,54,68,63,67,65,66,8,13,11,2,3,478
268837,Rodrigo Ribeiro,20,ST,Outfield,ST CAM LW,"FC Augsburg Jun 30, 2026 On loan",Bundesliga,,185.0,72.0,21.04,2700000.0,2.7M,7000.0,7K,39705.88,14,629,2,0,2,0.29,68,79,Right,68,73,60,68,16,69,73,17,15,13,13,9,3,3,171
80807,Thiago Pitarch,17,CM,Outfield,CM CDM CAM,Real Madrid,La Liga,2027,179.0,66.0,20.6,3000000.0,3M,29000.0,29K,44117.65,10,615,0,2,0,0.29,68,85,Right,65,67,70,60,60,76,70,56,49,11,13,12,3,3,544
72563,Paco Cortés,17,LW,Outfield,LW LM,Levante UD,La Liga,2028,178.0,66.0,20.83,2800000.0,2.8M,8000.0,8K,41176.47,12,456,0,0,0,0.0,68,81,Right,78,75,64,38,27,64,60,37,33,11,9,8,3,4,534
82834,Kareem Tunde,19,RW,Outfield,RW LM RM,Levante UD,La Liga,2029,177.0,72.0,22.98,2600000.0,2.6M,10000.0,10K,38235.29,21,1183,0,1,0,0.08,68,79,Left,83,82,64,50,49,67,62,49,38,7,11,5,2,3,573
74092,Isaac,21,ST,Outfield,ST,Hellas Verona FC,Serie A,2029,185.0,78.0,22.79,2300000.0,2.3M,5000.0,5K,34328.36,3,31,0,0,0,0.0,67,76,Right,71,63,64,73,26,56,62,33,27,9,6,12,4,3,568
79913,Alex Amorim,20,CM,Outfield,CM CDM,Genoa,Serie A,2028,172.0,75.0,25.35,2200000.0,2.2M,7000.0,7K,32835.82,11,554,0,0,0,0.0,67,75,Right,71,63,76,57,55,63,64,64,56,8,14,15,3,3,579
205496,Nicolas,37,GK,Goalkeeper,GK,Pisa,Serie A,2029,190.0,85.0,23.55,110000.0,110K,2000.0,2K,1641.79,6,540,0,0,0,0.0,67,67,Right,45,41,32,77,15,47,63,19,13,69,66,65,3,1,361
221639,Mariano,31,ST,Outfield,ST,Deportivo Alavés,La Liga,2027,180.0,76.0,23.46,850000.0,850K,13000.0,13K,12686.57,10,269,0,0,0,0.0,67,67,Right,64,65,50,71,42,62,65,42,33,12,14,8,4,3,343
275520,Manu Bueno,20,CM,Outfield,CM CAM CDM,Sevilla FC,La Liga,2030,178.0,73.0,23.04,2200000.0,2.2M,9000.0,9K,32835.82,8,256,0,0,0,0.0,67,78,Left,65,59,56,55,65,66,62,64,62,15,12,7,3,3,452
80679,Nacho Pérez,16,RB,Outfield,RB,Levante UD,La Liga,2028,176.0,66.0,21.31,2200000.0,2.2M,5000.0,5K,32835.82,3,147,0,0,0,0.0,67,81,Right,77,80,68,48,59,57,62,67,62,10,14,9,3,2,535
79393,Davinchi,17,LB,Outfield,LB,Getafe CF,La Liga,2028,182.0,75.0,22.64,2200000.0,2.2M,6000.0,6K,32835.82,14,688,0,0,0,0.0,67,81,Left,80,75,68,61,63,45,55,65,63,14,15,15,2,2,537
75746,Álvaro Cortés,20,CB,Outfield,CB,FC Barcelona,La Liga,2028,190.0,78.0,21.61,1900000.0,1.9M,16000.0,16K,28787.88,1,90,0,0,0,0.0,66,79,Left,62,67,58,72,67,58,60,67,66,5,12,8,2,2,504
81307,Lorran,18,CAM,Outfield,CAM CM,Pisa,Serie A,2028,180.0,74.0,22.84,1700000.0,1.7M,2000.0,2K,26153.85,9,95,1,0,1,0.94,65,80,Left,68,69,61,61,30,56,60,34,33,12,7,11,3,3,294
277649,Hugo González,22,RM,Outfield,RM LM RW,RC Celta,La Liga,2028,177.0,73.0,23.3,1600000.0,1.6M,7000.0,7K,24615.38,1,4,0,0,0,0.0,65,74,Right,70,68,61,53,37,56,55,33,31,9,9,10,4,3,432
279200,Buba Sangaré,17,RB,Outfield,RB CB,"Elche CF Jun 30, 2026 On loan",La Liga,,183.0,67.0,20.01,1600000.0,1.6M,6000.0,6K,24615.38,12,556,0,0,0,0.0,65,79,Right,78,80,62,47,62,48,56,59,62,12,10,11,3,2,489
82936,Julio Díaz,20,LB,Outfield,LB LM,Atlético Madrid,La Liga,2028,174.0,70.0,23.12,1300000.0,1.3M,9000.0,9K,20312.5,4,322,0,1,0,0.28,64,78,Left,74,72,65,54,60,57,59,63,60,6,6,13,2,3,578
75156,Toni Fernández,16,RW,Outfield,RW RM,FC Barcelona,La Liga,2027,174.0,73.0,24.11,1500000.0,1.5M,11000.0,11K,23437.5,1,48,0,0,0,0.0,64,83,Left,75,73,56,51,20,60,60,23,17,5,5,13,2,4,501
83235,César Palacios,20,CAM,Outfield,CAM CM ST,Real Madrid,La Liga,2027,179.0,73.0,22.78,1400000.0,1.4M,24000.0,24K,21875.0,5,68,0,0,0,0.0,64,78,Right,63,66,51,49,44,66,57,53,42,10,13,11,3,3,580
84290,Manuel Ángel,21,CM,Outfield,CM CDM CAM,Real Madrid,La Liga,2027,170.0,60.0,20.76,1300000.0,1.3M,23000.0,23K,20312.5,4,86,0,0,0,0.0,64,75,Right,70,67,64,39,49,65,67,52,50,11,12,9,5,3,592
266031,Rubén Iranzo,22,CB,Outfield,CB RB,Valencia CF,La Liga,2027,182.0,69.0,20.83,1200000.0,1.2M,8000.0,8K,18750.0,1,1,0,0,0,0.0,64,73,Right,65,59,64,64,63,53,58,65,64,8,6,9,3,2,437
80682,Miguel Sierra,20,RW,Outfield,RW LW RM,Sevilla FC,La Liga,2029,181.0,70.0,21.37,1300000.0,1.3M,6000.0,6K,20312.5,4,50,0,0,0,0.0,64,74,Left,75,68,51,46,26,60,56,38,27,8,7,13,3,3,539
277421,Marco Esteban,19,CB,Outfield,CB RB,Real Oviedo,La Liga,2028,183.0,75.0,22.4,1200000.0,1.2M,5000.0,5K,18750.0,1,40,0,0,0,0.0,64,75,Right,64,65,57,66,63,58,62,64,63,15,12,11,3,2,527
82937,Iker Luque,20,RW,Outfield,RW RM,Atlético Madrid,La Liga,2028,168.0,60.0,21.26,1200000.0,1.2M,10000.0,10K,19047.62,1,26,1,0,1,3.33,63,78,Right,77,76,52,47,36,59,57,34,28,9,11,12,3,3,282
81863,Xavi Espart,18,RB,Outfield,RB CDM CM,FC Barcelona,La Liga,2028,175.0,65.0,21.22,1200000.0,1.2M,10000.0,10K,19047.62,4,157,0,0,0,0.0,63,81,Right,75,79,55,54,59,55,51,57,60,15,11,14,2,3,559
75239,David Jiménez,21,RB,Outfield,RB,Real Madrid,La Liga,2027,170.0,63.0,21.8,1000000.0,1M,20000.0,20K,15873.02,2,78,0,0,0,0.0,63,74,Right,68,67,64,50,60,53,52,59,56,7,10,6,3,2,502
82756,Jorge Cestero,19,CM,Outfield,CM CDM,Real Madrid,La Liga,2028,181.0,76.0,23.2,1200000.0,1.2M,20000.0,20K,19047.62,2,8,0,0,0,0.0,63,80,Right,64,63,67,64,62,66,55,60,50,5,11,9,3,2,572
83234,Álvaro Leiva,20,RW,Outfield,RW LW RM,Real Madrid,La Liga,2028,173.0,68.0,22.72,1100000.0,1.1M,23000.0,23K,17460.32,1,2,0,0,0,0.0,63,72,Right,77,75,60,76,34,52,52,31,26,12,15,11,3,2,581
272487,Dani Pérez,19,CM,Outfield,CM CAM CDM,Real Betis Balompié,La Liga,2030,173.0,64.0,21.38,1100000.0,1.1M,5000.0,5K,17460.32,1,1,0,0,0,0.0,63,76,Right,61,52,52,36,54,65,56,55,53,7,9,8,4,2,468
83212,Hugo Burcio,18,CDM,Outfield,CDM CM CB,RC Celta,La Liga,2027,187.0,76.0,21.73,1100000.0,1.1M,4000.0,4K,17460.32,1,4,0,0,0,0.0,63,77,Right,64,62,66,73,60,53,54,62,58,9,7,5,3,3,582
70183,Aitor Mañas,22,ST,Outfield,ST,Deportivo Alavés,La Liga,2028,185.0,75.0,21.91,1100000.0,1.1M,6000.0,6K,17460.32,9,105,0,0,0,0.0,63,71,Left,55,60,57,59,27,53,60,23,25,5,8,11,3,2,568
279758,Pablo Agudín,17,CAM,Outfield,CAM LM ST CM,Real Oviedo,La Liga,2029,178.0,69.0,21.78,1200000.0,1.2M,4000.0,4K,19047.62,8,60,0,0,0,0.0,63,81,Right,74,72,51,49,32,63,65,37,38,14,8,7,3,3,561
82755,Dani Martinez,21,CB,Outfield,CB LB CDM CM,Atlético Madrid,La Liga,2027,186.0,75.0,21.68,925000.0,925K,8000.0,8K,14919.35,1,90,0,0,0,0.0,62,75,Left,65,68,61,68,62,41,64,62,56,6,6,7,2,2,571
75917,Daniel Yáñez,18,RW,Outfield,RW RM,Real Madrid,La Liga,2029,177.0,73.0,23.3,1000000.0,1M,19000.0,19K,16129.03,2,40,0,1,0,2.2,62,78,Left,70,74,58,59,32,55,48,34,25,7,13,10,2,3,507
74716,Jan Salas,19,CM,Outfield,CM CAM LM CDM,RCD Mallorca,La Liga,2028,182.0,67.0,20.23,950000.0,950K,5000.0,5K,15322.58,2,6,0,0,0,0.0,62,76,Right,58,59,59,56,55,63,64,60,54,7,12,7,3,2,495
78858,Lander Pinillos,21,CAM,Outfield,CAM RM CM,Deportivo Alavés,La Liga,2027,176.0,66.0,21.31,900000.0,900K,5000.0,5K,14516.13,1,1,0,0,0,0.0,62,73,Right,74,72,70,60,52,60,56,58,57,9,15,9,3,3,520
83277,Álex Sánchez,19,RM,Outfield,RM LM CAM RW,Elche CF,La Liga,2027,174.0,60.0,19.82,950000.0,950K,4000.0,4K,15322.58,1,5,0,1,0,15.0,62,76,Left,68,65,49,42,38,65,52,41,32,11,15,8,3,3,584
82665,Carlos Macià,16,CM,Outfield,CM CDM,Villarreal CF,La Liga,2029,190.0,78.0,21.61,1000000.0,1M,4000.0,4K,16129.03,5,65,0,0,0,0.0,62,81,Right,64,65,58,61,64,60,63,61,51,6,8,10,3,2,567
82993,Daniel Semedo,21,CAM,Outfield,CAM CM,FC Lorient,Ligue 1,2028,177.0,68.0,21.71,725000.0,725K,3000.0,3K,11885.25,1,7,0,0,0,0.0,61,70,Right,78,73,47,44,39,58,65,44,36,12,9,12,3,3,544
80663,Jofre Torrents,18,LB,Outfield,LB,FC Barcelona,La Liga,2028,185.0,75.0,21.91,800000.0,800K,8000.0,8K,13114.75,3,33,0,0,0,0.0,61,79,Left,65,67,65,63,58,40,56,56,54,10,15,13,3,2,529
84238,Andrés Antañón,18,CM,Outfield,CM CAM CDM,RC Celta,La Liga,2027,183.0,75.0,22.4,825000.0,825K,3000.0,3K,13524.59,2,64,0,0,0,0.0,61,78,Right,64,65,59,59,58,61,64,56,46,11,8,15,3,3,591
81739,Carlos Ballestero,21,RB,Outfield,RB LB CB,Deportivo Alavés,La Liga,2027,178.0,74.0,23.36,700000.0,700K,4000.0,4K,11475.41,1,1,0,0,0,0.0,61,72,Right,75,77,69,71,60,42,43,60,58,11,13,13,4,2,558
78072,Omar Falah,21,LB,Outfield,LB LM,Real Oviedo,La Liga,2027,183.0,70.0,20.9,700000.0,700K,4000.0,4K,11475.41,1,9,0,0,0,0.0,61,72,Left,70,68,58,60,58,50,48,58,59,5,6,9,3,3,528
74108,Jano Monserrate,19,CAM,Outfield,CAM CM,Atlético Madrid,La Liga,2027,177.0,72.0,22.98,625000.0,625K,6000.0,6K,10416.67,2,14,0,0,0,0.0,60,77,Left,66,63,60,58,33,64,60,42,46,11,12,6,3,3,546
81604,Taufik Seidu,17,CM,Outfield,CM CDM,Atlético Madrid,La Liga,2029,182.0,74.0,22.34,600000.0,600K,4000.0,4K,10000.0,1,15,0,0,0,0.0,60,79,Right,70,68,68,70,59,57,54,59,50,5,10,11,3,3,553
75747,Diego Aguado,18,CB,Outfield,CB LB CM,Real Madrid,La Liga,2029,180.0,70.0,21.6,600000.0,600K,11000.0,11K,10000.0,1,24,0,0,0,0.0,60,76,Left,68,65,62,60,62,61,60,63,47,11,9,9,3,2,506
82180,Asier Hierro,20,ST,Outfield,ST,Athletic Club,La Liga,2028,190.0,79.0,21.88,600000.0,600K,5000.0,5K,10000.0,1,30,0,0,0,0.0,60,74,Right,64,63,52,75,27,51,52,25,16,7,8,13,3,2,562
85378,Lluc Castell,18,LW,Outfield,LW LM,RCD Espanyol,La Liga,2028,164.0,65.0,24.17,625000.0,625K,2000.0,2K,10416.67,1,15,0,0,0,0.0,60,76,Right,72,74,44,41,32,57,49,31,29,10,8,12,3,2,596
85651,Miguel Calatayud,19,RB,Outfield,RB RM,RCD Mallorca,La Liga,2030,182.0,70.0,21.13,550000.0,550K,3000.0,3K,9166.67,2,34,0,0,0,0.0,60,75,Right,69,64,57,62,59,49,57,58,56,13,12,5,3,2,598
79474,Samu Becerra,19,CM,Outfield,CM CDM,Rayo Vallecano,La Liga,2027,165.0,60.0,22.04,575000.0,575K,2000.0,2K,9583.33,3,9,0,0,0,0.0,60,73,Right,69,69,68,48,53,61,56,58,57,9,14,10,2,2,522
81244,Hugo López,18,CAM,Outfield,CAM LM LW CM,Villarreal CF,La Liga,2028,178.0,69.0,21.78,625000.0,625K,4000.0,4K,10416.67,2,57,0,0,0,0.0,60,79,Right,60,63,52,50,41,59,53,44,40,13,6,10,3,3,549
80806,Iván Corralejo,18,CAM,Outfield,CAM CM,Real Betis Balompié,La Liga,2028,176.0,65.0,20.98,575000.0,575K,3000.0,3K,9745.76,1,11,0,0,0,0.0,59,76,Right,66,62,52,51,21,63,60,34,39,13,6,13,3,2,545
81654,Javier Olaizola,18,CB,Outfield,CB LB,RCD Mallorca,La Liga,2028,185.0,75.0,21.91,550000.0,550K,3000.0,3K,9322.03,2,44,0,0,0,0.0,59,76,Left,63,57,56,64,60,38,51,59,57,11,8,7,2,2,556
81738,Diego Morcillo,22,ST,Outfield,ST,Deportivo Alavés,La Liga,2028,185.0,79.0,23.08,450000.0,450K,4000.0,4K,7627.12,1,8,0,0,0,0.0,59,66,Right,61,63,52,63,10,50,49,21,14,6,13,12,3,2,557
80749,Antonio Martínez,19,CM,Outfield,CM CDM,Elche CF,La Liga,2027,176.0,64.0,20.66,525000.0,525K,2000.0,2K,8898.31,37,2750,14,3,13,0.56,59,71,Right,67,63,50,49,53,60,60,53,51,12,6,15,3,2,10
78728,Hugo Solozábal,22,CM,Outfield,CM CDM,Getafe CF,La Liga,2028,178.0,74.0,23.36,500000.0,500K,4000.0,4K,8474.58,1,4,0,0,0,0.0,59,68,Right,65,60,53,47,40,63,55,51,42,9,6,13,3,2,519
82517,Eder García,21,CAM,Outfield,CAM CM,Athletic Club,La Liga,2029,181.0,72.0,21.98,450000.0,450K,4000.0,4K,7758.62,2,30,0,0,0,0.0,58,69,Right,68,69,50,58,47,56,53,47,37,10,12,10,3,3,566
82440,Jorge Montes,21,LB,Outfield,LB LM,Getafe CF,La Liga,2027,188.0,73.0,20.65,350000.0,350K,3000.0,3K,6140.35,1,24,0,0,0,0.0,57,67,Left,69,68,56,45,51,46,45,57,54,8,11,15,2,2,563
80675,Joselu Pérez,21,ST,Outfield,ST,Getafe CF,La Liga,2027,183.0,67.0,20.01,325000.0,325K,4000.0,4K,5803.57,2,16,0,0,0,0.0,56,67,Right,68,67,55,51,34,49,51,26,16,7,5,12,3,2,538
